BE Number,Location,PI Ref,Post Code,Prog Yr,Hub,Resource ,Starting Date,Visit Date,Peer Reviewer,Peer Review Date,Report Issued,Invoiced to MGR?,Property Archived (date notified by RMG),Aborted,Additional photos required,Photos not uploading on app,Report not uploading on app,Report uploaded on app but not on CRD,Properties that are archived not communicated,Access denied,Comments,Visit Date2,Yr 3 Property Batch No.,Outstanding (Reports not issued)
15.52.13.46,fzhhh,3376,GU16 6JY,3,Blue,Annabel Beasley,01/10/2023,26/11/2023,Chelsea Huber,01/12/2023,10/12/2023,Yes,,,,,,,,,zlvot,,2,
13.32.14.25,teqjw,8153,CT1 3BG,3,Green,Annabel Beasley,29/03/2023,21/09/2023,Annabel Beasley,24/09/2023,28/09/2023,Yes,,,,,,,,,bggnq,,2,
52.31.45.42,uxcqt,4738,CO7 0QT,3,Green,Chelsea Huber,29/03/2023,30/03/2023,Annabel Beasley,11/04/2023,13/04/2023,Yes,,,,,,,,,mmjlv,,2,
55.16.33.24,vgjkd,1653,BT71 6EX,3,Blue,Kenny Merritt,29/03/2023,08/01/2024,Cassius Mullins,16/01/2024,18/01/2024,No,,,,,,,,,lqitm,,2,
15.11.16.46,fvsmh,3140,DA1 2RZ,3,Green,Jazmine Mathis,29/03/2023,23/03/2024,Brayden Giles,28/03/2024,04/04/2024,Yes,,,,,,,,,gdsha,,2,
52.51.36.64,gaxlc,7143,FK15 0BJ,3,Blue,Tate Benjamin,29/03/2023,08/02/2024,Brayden Giles,09/02/2024,22/02/2024,Yes,,,,,,,,,oklhu,,2,
25.65.53.33,orgkw,3037,B97 9LW,3,Green,Kenny Merritt,01/10/2023,29/10/2023,Annabel Beasley,30/10/2023,11/11/2023,Yes,,,,,,,,,svizq,,1,
13.45.14.65,scmad,6136,GL14 1JN,3,Blue,Kenny Merritt,29/03/2023,22/02/2024,Cora Lindsey,26/02/2024,05/03/2024,No,,,,,,,,,pcuav,,2,
25.64.31.42,ylmox,7147,BH24 3JA,3,Green,Chelsea Huber,29/03/2023,24/02/2024,Alfredo Holmes,02/03/2024,10/03/2024,No,,,,,,,,,egdrf,,2,
11.36.64.42,komip,6121,BN24 5HE,3,Green,Annabel Beasley,01/10/2023,27/11/2023,Cassius Mullins,03/12/2023,07/12/2023,Yes,,,,,,,,,iwhlz,,2,
46.56.44.31,rikqv,6661,BL2 2HG,3,Green,Chelsea Huber,29/03/2023,31/12/2023,Tate Benjamin,11/01/2024,19/01/2024,Yes,,,,,,,,,rtgpg,,1,
25.63.54.64,vrwqz,1656,BN15 8BJ,3,Green,Brayden Giles,29/03/2023,29/06/2023,Jazmine Mathis,09/07/2023,15/07/2023,No,,,,,,,,,zgfow,,2,
65.51.64.13,cwcpk,5030,GL15 5EH,3,Green,Cassius Mullins,01/10/2023,30/10/2023,Annabel Beasley,03/11/2023,05/11/2023,No,,,,,,,,,nhdkz,,1,
62.66.11.65,lwxwe,442,DA12 5BQ,3,Green,Brayden Giles,01/10/2023,16/02/2024,Alfredo Holmes,19/02/2024,04/03/2024,Yes,,,,,,,,,qzutp,,1,
26.11.66.55,ipnub,1511,CV3 4HY,3,Green,Chelsea Huber,01/10/2023,25/11/2023,Cassius Mullins,08/12/2023,18/12/2023,No,,,,,,,,,coweb,,2,
52.43.66.44,qdzrq,3641,BT21 0AA,3,Blue,Tate Benjamin,29/03/2023,14/02/2024,Kenny Merritt,23/02/2024,26/02/2024,No,,,,,,,,,kicad,,2,
43.13.61.65,rhuoo,1182,DT4 8QL,3,Blue,Tate Benjamin,29/03/2023,19/06/2023,Cora Lindsey,30/06/2023,12/07/2023,Yes,,,,,,,,,qymus,,1,
15.22.65.46,tvgos,5220,GU7 2DA,3,Green,Brayden Giles,29/03/2023,18/08/2023,Brayden Giles,25/08/2023,07/09/2023,Yes,,,,,,,,,ifblq,,1,
44.56.42.65,mtqus,1723,CM4 0WL,3,Blue,Chelsea Huber,29/03/2023,06/12/2023,Cassius Mullins,16/12/2023,20/12/2023,No,,,,,,,,,qmesh,,1,
33.13.41.25,pmmly,7725,G67 9AN,3,Green,Brayden Giles,29/03/2023,31/01/2024,Brayden Giles,05/02/2024,06/02/2024,Yes,,,,,,,,,rkkvq,,2,
25.21.25.42,pwyvx,6105,BS48 4NL,3,Blue,Alfredo Holmes,29/03/2023,13/03/2024,Chelsea Huber,25/03/2024,26/03/2024,No,,,,,,,,,xnrlk,,1,
12.52.54.26,haonb,5733,HD4 7DQ,3,Green,Brayden Giles,29/03/2023,03/06/2023,Jazmine Mathis,14/06/2023,15/06/2023,Yes,,,,,,,,,txvpf,,2,
55.55.66.26,gkgcj,7451,BA22 8BR,3,Blue,Chelsea Huber,01/10/2023,20/02/2024,Cassius Mullins,23/02/2024,28/02/2024,No,,,,,,,,,ovzck,,1,
46.26.42.41,kxyko,1452,HP11 2PP,3,Blue,Marcos Mcpherson,29/03/2023,29/07/2023,Marcos Mcpherson,02/08/2023,03/08/2023,No,,,,,,,,,huqha,,2,
41.23.65.11,srqhp,3,BS31 2RG,3,Green,Kenny Merritt,29/03/2023,25/07/2023,Marcos Mcpherson,27/07/2023,29/07/2023,Yes,,,,,,,,,ajjro,,1,
31.54.31.31,pgpau,1470,DA11 0JS,3,Green,Brayden Giles,29/03/2023,24/11/2023,Kenny Merritt,05/12/2023,13/12/2023,No,,,,,,,,,qrard,,1,
11.16.64.55,tvjvv,5047,DH9 9AW,3,Green,Kenny Merritt,29/03/2023,01/11/2023,Cassius Mullins,11/11/2023,14/11/2023,Yes,,,,,,,,,sqswn,,1,
34.44.12.16,txmww,4504,DA16 2HJ,3,Green,Tate Benjamin,01/10/2023,11/01/2024,Tate Benjamin,13/01/2024,23/01/2024,No,,,,,,,,,fxrpo,,1,
31.53.15.66,fgqvu,5570,BT22 2FX,3,Green,Jazmine Mathis,01/10/2023,08/01/2024,Tate Benjamin,19/01/2024,20/01/2024,Yes,,,,,,,,,rrile,,1,
23.16.51.62,bzkec,1164,G3 8HF,3,Green,Jazmine Mathis,29/03/2023,13/11/2023,Kenny Merritt,26/11/2023,30/11/2023,No,,,,,,,,,hdkes,,1,
25.35.36.51,qmixo,8003,G63 9EA,3,Blue,Cassius Mullins,29/03/2023,10/03/2024,Jazmine Mathis,14/03/2024,25/03/2024,Yes,,,,,,,,,cxinm,,1,
25.44.45.32,flery,4686,BN4 5BD,3,Green,Annabel Beasley,29/03/2023,26/04/2023,Tate Benjamin,05/05/2023,06/05/2023,Yes,,,,,,,,,qluer,,1,
52.31.22.22,skzep,8033,BB7 4DZ,3,Blue,Annabel Beasley,01/10/2023,14/01/2024,Marcos Mcpherson,28/01/2024,04/02/2024,Yes,,,,,,,,,lytlp,,1,
21.31.23.22,wrotf,8255,EX22 6AP,3,Blue,Alfredo Holmes,01/10/2023,12/12/2023,Chelsea Huber,14/12/2023,15/12/2023,No,,,,,,,,,dafbt,,1,
12.16.42.15,nhkrg,5322,EC2N 4AJ,3,Blue,Jazmine Mathis,01/10/2023,06/10/2023,Brayden Giles,17/10/2023,23/10/2023,Yes,,,,,,,,,msdiv,,2,
11.42.62.46,nesdl,3833,EX38 8DW,3,Blue,Cora Lindsey,29/03/2023,19/06/2023,Marcos Mcpherson,21/06/2023,05/07/2023,No,,,,,,,,,zjsdf,,2,
64.41.16.31,bfdqb,277,BH6 3WG,3,Blue,Kenny Merritt,01/10/2023,24/03/2024,Tate Benjamin,29/03/2024,05/04/2024,Yes,,,,,,,,,vuugq,,2,
13.53.42.62,duhvi,6147,BA6 8RB,3,Blue,Jazmine Mathis,01/10/2023,26/02/2024,Cora Lindsey,01/03/2024,05/03/2024,No,,,,,,,,,mnmof,,2,
42.14.45.55,ibddq,3734,BN26 6QE,3,Green,Kenny Merritt,29/03/2023,19/03/2024,Cora Lindsey,25/03/2024,02/04/2024,No,,,,,,,,,ulcei,,1,
36.63.36.25,dnvds,8030,DE7 2QP,3,Green,Kenny Merritt,29/03/2023,23/10/2023,Alfredo Holmes,31/10/2023,02/11/2023,Yes,,,,,,,,,uvnau,,1,
21.45.15.34,xiqdu,3105,HA3 6BD,3,Green,Chelsea Huber,01/10/2023,26/01/2024,Kenny Merritt,04/02/2024,11/02/2024,Yes,,,,,,,,,bhtjm,,2,
36.34.25.12,jrgop,8406,AB4 0UU,3,Blue,Kenny Merritt,01/10/2023,08/10/2023,Kenny Merritt,11/10/2023,15/10/2023,No,,,,,,,,,fiapq,,1,
11.23.42.11,wywqy,5468,EX6 8RP,3,Green,Brayden Giles,01/10/2023,12/10/2023,Jazmine Mathis,26/10/2023,28/10/2023,Yes,,,,,,,,,slsil,,2,
54.16.34.11,bedkk,5253,DT6 3RF,3,Blue,Chelsea Huber,01/10/2023,14/03/2024,Cassius Mullins,26/03/2024,01/04/2024,Yes,,,,,,,,,ndwds,,2,
36.45.34.64,pqthj,645,CF11 9DW,3,Blue,Annabel Beasley,29/03/2023,08/05/2023,Cassius Mullins,22/05/2023,28/05/2023,No,,,,,,,,,avpzw,,1,
15.51.53.63,frrgb,5257,HA2 0YQ,3,Blue,Cassius Mullins,29/03/2023,07/06/2023,Marcos Mcpherson,13/06/2023,14/06/2023,Yes,,,,,,,,,aycxk,,2,
65.14.36.26,pscpl,7006,B62 8SH,3,Blue,Kenny Merritt,29/03/2023,18/09/2023,Kenny Merritt,21/09/2023,03/10/2023,Yes,,,,,,,,,akzjh,,2,
33.43.54.54,qghpn,5030,DG1 1EF,3,Blue,Tate Benjamin,29/03/2023,02/03/2024,Cora Lindsey,16/03/2024,17/03/2024,No,,,,,,,,,umfpc,,1,
55.36.15.21,hqnvx,7144,DH3 2HF,3,Blue,Tate Benjamin,29/03/2023,16/03/2024,Cassius Mullins,20/03/2024,24/03/2024,Yes,,,,,,,,,lquwt,,1,
12.53.13.13,qddnl,5420,DY14 9WU,3,Green,Cora Lindsey,29/03/2023,26/10/2023,Cora Lindsey,07/11/2023,15/11/2023,Yes,,,,,,,,,dxrfe,,1,
61.25.11.16,tqqmx,2320,DN20 0BW,3,Blue,Kenny Merritt,29/03/2023,25/02/2024,Jazmine Mathis,10/03/2024,20/03/2024,No,,,,,,,,,onper,,1,
16.24.34.54,pgcsg,7246,GU31 4NA,3,Blue,Tate Benjamin,01/10/2023,23/12/2023,Chelsea Huber,29/12/2023,05/01/2024,Yes,,,,,,,,,mwsux,,2,
55.14.64.16,npmzr,1600,HR2 6QJ,3,Green,Cora Lindsey,29/03/2023,09/02/2024,Marcos Mcpherson,18/02/2024,21/02/2024,No,,,,,,,,,buruv,,2,
11.42.25.14,yhjnt,8210,GL50 9RY,3,Blue,Chelsea Huber,29/03/2023,04/12/2023,Annabel Beasley,06/12/2023,13/12/2023,Yes,,,,,,,,,pbwjz,,1,
25.31.15.24,qedwr,6228,BS34 5PF,3,Green,Cora Lindsey,01/10/2023,09/01/2024,Cora Lindsey,16/01/2024,17/01/2024,Yes,,,,,,,,,veqkl,,1,
14.46.25.61,rflry,5656,GL52 6LR,3,Green,Cora Lindsey,29/03/2023,15/08/2023,Kenny Merritt,26/08/2023,27/08/2023,Yes,,,,,,,,,bmxpc,,1,
16.41.14.44,teyjy,7035,BL8 3BE,3,Blue,Cassius Mullins,01/10/2023,19/02/2024,Jazmine Mathis,21/02/2024,04/03/2024,No,,,,,,,,,dxeom,,2,
12.45.53.14,uoztp,1521,DL15 9UA,3,Blue,Cassius Mullins,29/03/2023,07/06/2023,Cassius Mullins,16/06/2023,27/06/2023,No,,,,,,,,,ugyyk,,1,
65.43.52.22,ymchj,14,DN22 8LG,3,Green,Cora Lindsey,29/03/2023,11/02/2024,Cora Lindsey,24/02/2024,26/02/2024,Yes,,,,,,,,,xfzda,,2,
41.15.34.51,ylwui,161,GU22 9BT,3,Green,Cora Lindsey,29/03/2023,13/05/2023,Brayden Giles,26/05/2023,04/06/2023,Yes,,,,,,,,,txcym,,1,
31.53.43.23,nbhrq,4153,BT47 2UE,3,Green,Annabel Beasley,01/10/2023,21/02/2024,Jazmine Mathis,27/02/2024,11/03/2024,Yes,,,,,,,,,kofha,,2,
21.16.66.66,twmhh,7282,AB24 3ET,3,Green,Kenny Merritt,01/10/2023,19/10/2023,Brayden Giles,01/11/2023,13/11/2023,No,,,,,,,,,fdqqo,,1,
45.24.64.64,gsjvv,1371,BA20 1DD,3,Blue,Kenny Merritt,01/10/2023,23/01/2024,Annabel Beasley,29/01/2024,30/01/2024,Yes,,,,,,,,,nikjq,,1,
25.45.66.51,zopzo,5753,EH11 1TH,3,Blue,Cora Lindsey,01/10/2023,25/02/2024,Brayden Giles,07/03/2024,12/03/2024,Yes,,,,,,,,,hrsja,,1,
51.42.35.43,qdapw,5656,DT2 9LY,3,Blue,Chelsea Huber,01/10/2023,12/12/2023,Jazmine Mathis,24/12/2023,31/12/2023,Yes,,,,,,,,,icflo,,1,
24.41.24.32,ulcfu,8313,BD23 5ED,3,Blue,Alfredo Holmes,01/10/2023,12/11/2023,Cassius Mullins,26/11/2023,29/11/2023,No,,,,,,,,,whuei,,2,
55.34.65.64,jejgz,3543,G69 7FD,3,Green,Alfredo Holmes,29/03/2023,04/05/2023,Jazmine Mathis,14/05/2023,22/05/2023,No,,,,,,,,,fssmz,,2,
54.61.26.62,sjlno,5287,EH4 1SR,3,Green,Cassius Mullins,29/03/2023,29/07/2023,Marcos Mcpherson,01/08/2023,02/08/2023,Yes,,,,,,,,,vwjaw,,2,
53.66.15.45,ueftl,3126,AB2 7YR,3,Blue,Cora Lindsey,01/10/2023,04/10/2023,Tate Benjamin,14/10/2023,25/10/2023,No,,,,,,,,,sfbvq,,2,
24.36.16.11,etsvh,3031,BA12 6ND,3,Green,Annabel Beasley,01/10/2023,19/03/2024,Brayden Giles,25/03/2024,03/04/2024,No,,,,,,,,,hbntw,,2,
55.52.61.15,ossro,6068,BN22 0SY,3,Green,Cassius Mullins,01/10/2023,13/02/2024,Kenny Merritt,22/02/2024,29/02/2024,No,,,,,,,,,aorkw,,2,
25.56.36.62,dubwf,1738,DY5 4LH,3,Blue,Chelsea Huber,01/10/2023,08/11/2023,Cassius Mullins,19/11/2023,22/11/2023,No,,,,,,,,,yrecl,,1,
24.31.55.21,bcscl,2542,CT11 0EE,3,Green,Jazmine Mathis,01/10/2023,04/01/2024,Brayden Giles,14/01/2024,25/01/2024,Yes,,,,,,,,,peeib,,2,
36.35.32.26,wzbci,1275,EH52 6LF,3,Blue,Chelsea Huber,01/10/2023,16/03/2024,Annabel Beasley,24/03/2024,27/03/2024,Yes,,,,,,,,,kveul,,2,
15.51.62.16,qpzvt,3548,BT44 0NF,3,Blue,Brayden Giles,29/03/2023,18/02/2024,Chelsea Huber,02/03/2024,04/03/2024,Yes,,,,,,,,,cdook,,1,
16.13.44.23,xbxuc,7333,CA4 8BD,3,Green,Marcos Mcpherson,01/10/2023,22/02/2024,Cora Lindsey,06/03/2024,11/03/2024,Yes,,,,,,,,,ugaow,,2,
41.53.31.25,ztzvl,8716,EN9 2DB,3,Blue,Brayden Giles,01/10/2023,01/02/2024,Cassius Mullins,14/02/2024,28/02/2024,No,,,,,,,,,ljlzf,,1,
14.21.62.42,xnhnw,8833,EH12 5TF,3,Green,Tate Benjamin,01/10/2023,06/11/2023,Tate Benjamin,10/11/2023,18/11/2023,Yes,,,,,,,,,msokz,,2,
34.51.34.21,qrqql,3451,EH11 4GJ,3,Green,Tate Benjamin,01/10/2023,13/12/2023,Cassius Mullins,18/12/2023,24/12/2023,No,,,,,,,,,jfhbf,,1,
21.66.36.22,ytwkq,163,EN8 9DN,3,Blue,Annabel Beasley,01/10/2023,26/01/2024,Marcos Mcpherson,09/02/2024,12/02/2024,Yes,,,,,,,,,aaojs,,2,
32.43.13.13,okwcw,5586,HA5 5DB,3,Blue,Alfredo Holmes,01/10/2023,06/03/2024,Brayden Giles,10/03/2024,20/03/2024,No,,,,,,,,,pzlql,,1,
34.41.61.26,odaxo,5240,DA8 1ER,3,Green,Cora Lindsey,29/03/2023,01/10/2023,Kenny Merritt,04/10/2023,16/10/2023,No,,,,,,,,,himop,,1,
14.32.66.44,uuzis,3563,BT33 0BG,3,Blue,Marcos Mcpherson,01/10/2023,12/03/2024,Brayden Giles,21/03/2024,26/03/2024,No,,,,,,,,,nkeni,,2,
33.11.64.61,ejrqn,2735,DG9 7LP,3,Blue,Kenny Merritt,29/03/2023,02/04/2023,Cora Lindsey,08/04/2023,16/04/2023,Yes,,,,,,,,,fejkz,,1,
45.53.55.24,vsuwf,2256,BD4 0AX,3,Blue,Chelsea Huber,01/10/2023,20/01/2024,Chelsea Huber,31/01/2024,03/02/2024,No,,,,,,,,,bpvqu,,1,
33.36.51.32,qefrj,4248,GL3 3QN,3,Blue,Annabel Beasley,29/03/2023,22/10/2023,Tate Benjamin,02/11/2023,10/11/2023,No,,,,,,,,,uviyf,,2,
41.36.23.33,syxvp,3135,BL6 7UA,3,Blue,Cassius Mullins,01/10/2023,24/10/2023,Annabel Beasley,29/10/2023,06/11/2023,No,,,,,,,,,qpkni,,1,
61.54.43.11,ufuhi,782,EH9 3FL,3,Green,Jazmine Mathis,01/10/2023,03/11/2023,Cora Lindsey,05/11/2023,14/11/2023,Yes,,,,,,,,,exgqm,,2,
21.64.31.36,nowxc,7675,GU1 2GJ,3,Blue,Annabel Beasley,29/03/2023,27/04/2023,Tate Benjamin,04/05/2023,16/05/2023,Yes,,,,,,,,,zkgqq,,1,
36.43.11.32,iwzsu,8576,BD23 9FJ,3,Green,Jazmine Mathis,29/03/2023,04/03/2024,Marcos Mcpherson,05/03/2024,06/03/2024,Yes,,,,,,,,,gpgal,,2,
53.41.16.42,jlruw,2330,BB1 3NA,3,Green,Brayden Giles,29/03/2023,17/04/2023,Jazmine Mathis,19/04/2023,29/04/2023,No,,,,,,,,,atwqh,,2,
26.15.52.14,qvmjp,1351,B93 9NH,3,Green,Cassius Mullins,29/03/2023,09/04/2023,Brayden Giles,10/04/2023,24/04/2023,Yes,,,,,,,,,siqbb,,2,
54.64.66.44,kkwuc,1440,CM1 4RZ,3,Blue,Brayden Giles,29/03/2023,15/07/2023,Cassius Mullins,16/07/2023,30/07/2023,No,,,,,,,,,bpozt,,1,
54.12.65.65,gbsro,4084,B42 2HY,3,Green,Annabel Beasley,01/10/2023,13/10/2023,Cassius Mullins,26/10/2023,03/11/2023,Yes,,,,,,,,,uvlus,,2,
46.42.64.44,znimw,1047,BN13 3QG,3,Blue,Kenny Merritt,01/10/2023,26/12/2023,Cora Lindsey,04/01/2024,14/01/2024,Yes,,,,,,,,,xtveu,,1,
64.11.55.36,tpfvo,6308,BA7 7AP,3,Green,Marcos Mcpherson,01/10/2023,03/02/2024,Cora Lindsey,08/02/2024,20/02/2024,Yes,,,,,,,,,dlcel,,1,
44.61.54.32,blhur,4878,E17 8TR,3,Green,Cora Lindsey,01/10/2023,22/11/2023,Tate Benjamin,23/11/2023,02/12/2023,Yes,,,,,,,,,jexnq,,1,
21.36.51.22,xmndy,1324,E1 1EY,3,Blue,Annabel Beasley,01/10/2023,19/03/2024,Cora Lindsey,01/04/2024,04/04/2024,Yes,,,,,,,,,kfzfy,,1,
16.45.66.41,yrpuf,3221,BN20 0JD,3,Blue,Brayden Giles,29/03/2023,12/09/2023,Alfredo Holmes,13/09/2023,27/09/2023,Yes,,,,,,,,,hvdnf,,2,
66.52.45.33,pnslr,7164,FY5 4DZ,3,Green,Kenny Merritt,01/10/2023,28/03/2024,Kenny Merritt,07/04/2024,19/04/2024,Yes,,,,,,,,,ymsbk,,1,
65.12.25.16,jhfjx,6640,BT92 0PX,3,Blue,Chelsea Huber,29/03/2023,07/07/2023,Annabel Beasley,15/07/2023,20/07/2023,Yes,,,,,,,,,ezbnz,,2,
15.56.24.65,bgfze,2077,HA1 2PR,3,Blue,Chelsea Huber,01/10/2023,03/03/2024,Brayden Giles,10/03/2024,12/03/2024,Yes,,,,,,,,,jbvsr,,2,
11.36.12.24,kfkei,2075,AB10 1QH,3,Blue,Alfredo Holmes,01/10/2023,25/10/2023,Cassius Mullins,02/11/2023,14/11/2023,Yes,,,,,,,,,ffvmh,,2,
65.52.32.62,oxegu,334,B24 8QW,3,Green,Cassius Mullins,01/10/2023,25/11/2023,Brayden Giles,06/12/2023,07/12/2023,No,,,,,,,,,ciyuq,,1,
62.21.56.55,bmiyw,2652,AB1 4RA,3,Green,Annabel Beasley,01/10/2023,09/11/2023,Chelsea Huber,15/11/2023,22/11/2023,Yes,,,,,,,,,iqefx,,1,
11.46.66.53,qgtrv,8031,HA2 8AU,3,Blue,Jazmine Mathis,29/03/2023,07/09/2023,Kenny Merritt,17/09/2023,29/09/2023,No,,,,,,,,,iswdj,,1,
35.64.56.51,jxiyw,3512,CF14 2LJ,3,Green,Brayden Giles,01/10/2023,16/03/2024,Kenny Merritt,17/03/2024,30/03/2024,No,,,,,,,,,mcbwp,,2,
45.16.34.22,sgabj,5365,BS23 3AZ,3,Green,Cora Lindsey,01/10/2023,27/03/2024,Cora Lindsey,06/04/2024,13/04/2024,No,,,,,,,,,ikwlu,,1,
53.12.45.23,xujiw,2711,FY6 8HU,3,Blue,Tate Benjamin,01/10/2023,04/03/2024,Annabel Beasley,14/03/2024,22/03/2024,Yes,,,,,,,,,nvpug,,2,
41.25.15.45,oumjz,3076,FY1 4BF,3,Green,Kenny Merritt,01/10/2023,20/02/2024,Jazmine Mathis,22/02/2024,01/03/2024,No,,,,,,,,,ryvai,,1,
55.16.46.21,vrmtq,5473,G78 3DN,3,Blue,Jazmine Mathis,29/03/2023,26/03/2024,Brayden Giles,28/03/2024,03/04/2024,No,,,,,,,,,vdlgn,,1,
62.54.12.52,zrbzc,6121,BH2 6ZL,3,Green,Chelsea Huber,29/03/2023,10/04/2023,Alfredo Holmes,14/04/2023,19/04/2023,No,,,,,,,,,ufgnz,,1,
61.65.55.11,ltwnb,1036,EH11 1DJ,3,Green,Annabel Beasley,01/10/2023,05/03/2024,Jazmine Mathis,12/03/2024,17/03/2024,No,,,,,,,,,glqyb,,1,
62.41.65.26,jrueh,5371,DN14 7UX,3,Blue,Brayden Giles,29/03/2023,09/10/2023,Kenny Merritt,16/10/2023,22/10/2023,Yes,,,,,,,,,qonec,,2,
51.46.11.43,ilome,1726,BT63 5UJ,3,Green,Cora Lindsey,01/10/2023,30/12/2023,Tate Benjamin,31/12/2023,14/01/2024,Yes,,,,,,,,,hpmhc,,2,
41.21.24.66,arsos,6486,BS23 2RE,3,Blue,Cassius Mullins,01/10/2023,06/12/2023,Annabel Beasley,20/12/2023,02/01/2024,Yes,,,,,,,,,ncsxk,,1,
26.41.56.63,ykcog,3650,BN27 1JH,3,Blue,Marcos Mcpherson,29/03/2023,02/06/2023,Tate Benjamin,16/06/2023,17/06/2023,No,,,,,,,,,wjxxs,,2,
45.32.45.24,cvgop,3355,CF1 3RY,3,Green,Brayden Giles,29/03/2023,30/04/2023,Tate Benjamin,08/05/2023,21/05/2023,Yes,,,,,,,,,bowar,,2,
52.11.52.25,thtjf,4860,G51 2AW,3,Blue,Annabel Beasley,29/03/2023,19/08/2023,Kenny Merritt,21/08/2023,28/08/2023,Yes,,,,,,,,,liffo,,1,
52.15.51.45,rcamm,4886,BT93 5FG,3,Green,Cassius Mullins,01/10/2023,16/10/2023,Cassius Mullins,20/10/2023,28/10/2023,Yes,,,,,,,,,naddy,,1,
46.61.26.36,xvnuc,8445,BT23 8DZ,3,Blue,Kenny Merritt,01/10/2023,11/11/2023,Tate Benjamin,21/11/2023,05/12/2023,No,,,,,,,,,eilhc,,2,
11.32.12.15,ecomv,6050,B60 2HR,3,Blue,Jazmine Mathis,01/10/2023,17/02/2024,Jazmine Mathis,28/02/2024,29/02/2024,Yes,,,,,,,,,ospkt,,1,
33.26.45.32,slabe,5516,AB2 3JY,3,Green,Chelsea Huber,29/03/2023,18/02/2024,Cora Lindsey,24/02/2024,02/03/2024,Yes,,,,,,,,,lomvi,,2,
43.13.66.54,konrq,7766,AB4 4SQ,3,Green,Chelsea Huber,29/03/2023,22/02/2024,Chelsea Huber,01/03/2024,07/03/2024,Yes,,,,,,,,,nocds,,1,
33.22.16.13,zhpvp,8257,CW9 7LG,3,Green,Annabel Beasley,29/03/2023,22/12/2023,Jazmine Mathis,26/12/2023,08/01/2024,No,,,,,,,,,dwzps,,2,
22.21.36.26,gsbqw,7786,CM23 3LT,3,Blue,Cassius Mullins,01/10/2023,01/12/2023,Tate Benjamin,13/12/2023,20/12/2023,No,,,,,,,,,ynmwp,,1,
36.43.33.35,wfjpr,4107,DH6 4DL,3,Green,Jazmine Mathis,29/03/2023,06/12/2023,Tate Benjamin,12/12/2023,13/12/2023,Yes,,,,,,,,,xhkpc,,2,
11.31.62.44,obpqo,825,G40 4JA,3,Blue,Brayden Giles,29/03/2023,30/12/2023,Cora Lindsey,13/01/2024,17/01/2024,No,,,,,,,,,bgtzx,,2,
61.65.66.23,nelsa,145,EC4R 0ES,3,Green,Cora Lindsey,29/03/2023,21/11/2023,Marcos Mcpherson,22/11/2023,06/12/2023,No,,,,,,,,,oguct,,2,
13.66.56.31,xrapl,3436,E1 6LB,3,Green,Kenny Merritt,29/03/2023,03/11/2023,Annabel Beasley,05/11/2023,17/11/2023,No,,,,,,,,,bkyuk,,2,
22.61.54.64,bxeoa,4442,BS3 4AQ,3,Green,Chelsea Huber,29/03/2023,20/01/2024,Tate Benjamin,25/01/2024,08/02/2024,No,,,,,,,,,voqkj,,2,
14.62.34.31,fktjm,1048,G61 2AF,3,Blue,Cassius Mullins,29/03/2023,17/09/2023,Jazmine Mathis,01/10/2023,15/10/2023,No,,,,,,,,,nrpel,,1,
64.51.63.45,qxfzc,3185,B27 6DB,3,Green,Cora Lindsey,01/10/2023,08/12/2023,Jazmine Mathis,10/12/2023,24/12/2023,No,,,,,,,,,qbuiz,,2,
16.14.14.36,wuyxd,3854,G20 8UB,3,Blue,Kenny Merritt,01/10/2023,18/02/2024,Kenny Merritt,23/02/2024,28/02/2024,Yes,,,,,,,,,fngfn,,1,
22.43.44.21,vyhkq,3872,G84 8HR,3,Green,Cora Lindsey,01/10/2023,16/11/2023,Chelsea Huber,25/11/2023,03/12/2023,No,,,,,,,,,ojjdo,,2,
51.25.66.62,jlksf,8668,GU21 2EQ,3,Blue,Kenny Merritt,29/03/2023,24/02/2024,Cora Lindsey,09/03/2024,17/03/2024,Yes,,,,,,,,,luses,,2,
22.15.26.52,hnxnh,4353,BR3 5UD,3,Blue,Alfredo Holmes,01/10/2023,26/03/2024,Marcos Mcpherson,28/03/2024,03/04/2024,No,,,,,,,,,jtoac,,2,
46.34.55.46,tuipz,3620,EC2P 2XB,3,Blue,Cora Lindsey,01/10/2023,11/01/2024,Marcos Mcpherson,19/01/2024,22/01/2024,Yes,,,,,,,,,kdtnq,,1,
51.66.51.12,xuljm,218,G73 2RA,3,Blue,Jazmine Mathis,01/10/2023,01/02/2024,Cora Lindsey,09/02/2024,13/02/2024,Yes,,,,,,,,,whwnw,,2,
43.51.66.44,xzrxw,3724,CM24 8SJ,3,Blue,Cassius Mullins,01/10/2023,25/11/2023,Kenny Merritt,06/12/2023,14/12/2023,Yes,,,,,,,,,edqyh,,1,
11.62.35.25,lbyox,1337,BT38 9RS,3,Green,Cassius Mullins,01/10/2023,13/03/2024,Cassius Mullins,27/03/2024,31/03/2024,No,,,,,,,,,azwrr,,2,
15.53.14.51,bvztg,2122,G72 7PU,3,Green,Cora Lindsey,29/03/2023,03/07/2023,Brayden Giles,16/07/2023,25/07/2023,Yes,,,,,,,,,tibeb,,1,
14.53.44.45,cqmvg,5532,GU21 2NG,3,Blue,Marcos Mcpherson,29/03/2023,04/07/2023,Cassius Mullins,07/07/2023,13/07/2023,Yes,,,,,,,,,eqwzf,,2,
61.11.12.16,hseud,1465,HD8 8RB,3,Blue,Annabel Beasley,01/10/2023,05/03/2024,Cassius Mullins,11/03/2024,19/03/2024,No,,,,,,,,,fqufy,,2,
15.11.41.46,lpxsx,8538,FK9 5JF,3,Blue,Alfredo Holmes,29/03/2023,12/09/2023,Jazmine Mathis,21/09/2023,01/10/2023,Yes,,,,,,,,,lutsi,,2,
22.13.51.43,taofn,7305,CB2 4RB,3,Blue,Annabel Beasley,29/03/2023,20/03/2024,Kenny Merritt,28/03/2024,01/04/2024,No,,,,,,,,,rwsog,,2,
24.66.23.13,jipbc,3017,BB5 0JS,3,Blue,Brayden Giles,01/10/2023,28/03/2024,Tate Benjamin,30/03/2024,04/04/2024,Yes,,,,,,,,,isigq,,2,
56.53.64.34,phhzw,8538,BN5 9UE,3,Green,Kenny Merritt,29/03/2023,05/02/2024,Cora Lindsey,18/02/2024,01/03/2024,Yes,,,,,,,,,vnemg,,2,
62.61.32.46,vlkyj,5107,BB9 0DU,3,Green,Kenny Merritt,01/10/2023,13/10/2023,Brayden Giles,25/10/2023,26/10/2023,No,,,,,,,,,flsgc,,1,
12.32.51.13,wvguo,3186,BL2 1EL,3,Green,Cassius Mullins,29/03/2023,25/03/2024,Kenny Merritt,08/04/2024,20/04/2024,Yes,,,,,,,,,kkdyr,,2,
43.16.55.11,hsati,4454,GU7 9SQ,3,Green,Cora Lindsey,01/10/2023,09/01/2024,Chelsea Huber,10/01/2024,13/01/2024,Yes,,,,,,,,,dckjz,,2,
41.53.62.36,lczat,6848,CV9 3PZ,3,Blue,Marcos Mcpherson,01/10/2023,28/01/2024,Jazmine Mathis,29/01/2024,03/02/2024,No,,,,,,,,,yuhhr,,1,
16.22.16.14,shvrt,2225,HP15 7LY,3,Green,Marcos Mcpherson,01/10/2023,24/03/2024,Tate Benjamin,07/04/2024,17/04/2024,No,,,,,,,,,tzoom,,2,
13.26.66.21,oogur,8266,DL7 7DD,3,Green,Annabel Beasley,29/03/2023,17/09/2023,Annabel Beasley,21/09/2023,28/09/2023,No,,,,,,,,,lpawl,,2,
62.14.45.43,zhdpg,5024,BS32 4QY,3,Blue,Alfredo Holmes,29/03/2023,06/07/2023,Chelsea Huber,20/07/2023,24/07/2023,Yes,,,,,,,,,qnaai,,2,
22.32.13.62,huaiw,4548,CO12 5AA,3,Green,Jazmine Mathis,01/10/2023,22/02/2024,Kenny Merritt,01/03/2024,05/03/2024,Yes,,,,,,,,,hxatg,,2,
61.65.23.45,muvut,6007,HA4 0TB,3,Green,Brayden Giles,01/10/2023,31/01/2024,Brayden Giles,02/02/2024,10/02/2024,Yes,,,,,,,,,yznvk,,1,
42.34.32.24,xhkhx,2024,BL4 8BP,3,Green,Annabel Beasley,29/03/2023,30/06/2023,Alfredo Holmes,05/07/2023,11/07/2023,Yes,,,,,,,,,bwcpd,,1,
43.64.54.54,hvehq,8550,GL1 5QN,3,Blue,Cassius Mullins,29/03/2023,08/03/2024,Jazmine Mathis,13/03/2024,17/03/2024,Yes,,,,,,,,,cicqn,,1,
13.32.42.25,psnhm,2520,BR3 5AZ,3,Blue,Brayden Giles,01/10/2023,27/02/2024,Brayden Giles,12/03/2024,24/03/2024,No,,,,,,,,,iwhfr,,1,
16.15.12.45,aqllj,464,CV32 5ZG,3,Green,Annabel Beasley,01/10/2023,19/01/2024,Alfredo Holmes,24/01/2024,03/02/2024,Yes,,,,,,,,,lxwdx,,1,
46.52.46.13,liups,5700,CO8 5AL,3,Green,Kenny Merritt,29/03/2023,22/11/2023,Alfredo Holmes,25/11/2023,26/11/2023,No,,,,,,,,,wuzdp,,2,
42.36.44.63,nwrgw,6650,FK14 7PH,3,Blue,Kenny Merritt,01/10/2023,27/12/2023,Marcos Mcpherson,03/01/2024,10/01/2024,Yes,,,,,,,,,icjor,,2,
54.52.13.54,xzhts,2003,BN15 9AW,3,Green,Tate Benjamin,01/10/2023,05/03/2024,Kenny Merritt,17/03/2024,24/03/2024,No,,,,,,,,,pdhky,,2,
65.22.21.54,nhlzr,6804,DA16 2LY,3,Blue,Brayden Giles,01/10/2023,27/11/2023,Chelsea Huber,30/11/2023,12/12/2023,Yes,,,,,,,,,jmiha,,1,
55.51.34.62,hrbvr,3572,CM4 9RG,3,Green,Chelsea Huber,01/10/2023,28/02/2024,Cora Lindsey,06/03/2024,10/03/2024,No,,,,,,,,,diwec,,1,
56.53.24.34,msqpt,1856,DN33 3LG,3,Blue,Annabel Beasley,29/03/2023,06/03/2024,Marcos Mcpherson,10/03/2024,23/03/2024,No,,,,,,,,,fimlr,,1,
13.56.63.25,ezdeg,4602,DH8 7TF,3,Green,Tate Benjamin,29/03/2023,04/02/2024,Tate Benjamin,06/02/2024,18/02/2024,Yes,,,,,,,,,apdes,,1,
13.16.55.16,aukba,8006,BB7 2GH,3,Blue,Chelsea Huber,29/03/2023,06/11/2023,Tate Benjamin,08/11/2023,11/11/2023,No,,,,,,,,,kldrr,,1,
14.24.55.43,qggxx,71,DN9 1PL,3,Green,Marcos Mcpherson,29/03/2023,07/02/2024,Tate Benjamin,18/02/2024,21/02/2024,No,,,,,,,,,rfkgg,,2,
23.12.46.61,ipzej,8775,DN32 7XB,3,Blue,Chelsea Huber,29/03/2023,08/05/2023,Kenny Merritt,10/05/2023,17/05/2023,No,,,,,,,,,qriau,,2,
41.23.26.64,wdpwh,1268,EH14 5PU,3,Green,Cora Lindsey,29/03/2023,04/05/2023,Alfredo Holmes,05/05/2023,17/05/2023,Yes,,,,,,,,,oberz,,1,
16.13.66.23,yecak,2602,BD6 3DJ,3,Blue,Marcos Mcpherson,29/03/2023,22/07/2023,Marcos Mcpherson,29/07/2023,06/08/2023,Yes,,,,,,,,,jmlss,,1,
25.16.14.52,ijgdm,3142,DE14 9SR,3,Blue,Cora Lindsey,29/03/2023,26/09/2023,Chelsea Huber,29/09/2023,04/10/2023,Yes,,,,,,,,,koegp,,2,
14.66.26.15,adyyl,4488,E4 9DB,3,Green,Kenny Merritt,29/03/2023,27/05/2023,Cora Lindsey,04/06/2023,15/06/2023,No,,,,,,,,,nkdec,,2,
46.51.32.32,otnpe,2135,HA2 9BH,3,Blue,Annabel Beasley,29/03/2023,12/12/2023,Kenny Merritt,20/12/2023,23/12/2023,Yes,,,,,,,,,ghjob,,2,
55.54.32.61,qwtec,125,G63 0PN,3,Blue,Jazmine Mathis,01/10/2023,13/11/2023,Cora Lindsey,17/11/2023,01/12/2023,Yes,,,,,,,,,wdsfo,,2,
65.54.41.66,dempv,5155,HD9 2NL,3,Green,Tate Benjamin,01/10/2023,15/11/2023,Tate Benjamin,21/11/2023,02/12/2023,No,,,,,,,,,uoxoh,,2,
35.32.14.53,zfzed,5885,DT1 2SU,3,Green,Jazmine Mathis,29/03/2023,10/08/2023,Tate Benjamin,24/08/2023,01/09/2023,No,,,,,,,,,byagc,,1,
14.24.15.26,vdsxm,5376,BT44 9DB,3,Blue,Marcos Mcpherson,29/03/2023,17/04/2023,Brayden Giles,26/04/2023,09/05/2023,Yes,,,,,,,,,wzysh,,1,
31.54.51.16,lzhhx,1413,HD4 6EU,3,Green,Cora Lindsey,29/03/2023,14/05/2023,Kenny Merritt,20/05/2023,30/05/2023,No,,,,,,,,,llanl,,2,
24.46.55.26,kspyd,8381,DN6 7WP,3,Green,Jazmine Mathis,29/03/2023,21/04/2023,Tate Benjamin,25/04/2023,06/05/2023,No,,,,,,,,,cfmwm,,1,
14.46.42.66,bjaai,5602,AB4 6JL,3,Green,Brayden Giles,01/10/2023,13/10/2023,Chelsea Huber,15/10/2023,22/10/2023,No,,,,,,,,,wgbuk,,1,
64.35.43.56,yxmba,3280,CW7 2UR,3,Green,Alfredo Holmes,29/03/2023,08/11/2023,Marcos Mcpherson,15/11/2023,21/11/2023,Yes,,,,,,,,,adcco,,2,
21.35.31.32,xaiuq,6133,DD4 0HN,3,Blue,Chelsea Huber,29/03/2023,20/06/2023,Tate Benjamin,25/06/2023,26/06/2023,Yes,,,,,,,,,qhazn,,2,
54.26.44.12,bqvxt,3245,AL3 5LQ,3,Blue,Annabel Beasley,29/03/2023,25/02/2024,Brayden Giles,26/02/2024,02/03/2024,Yes,,,,,,,,,ijodx,,1,
54.65.65.53,xwdin,1871,CH63 7RW,3,Blue,Brayden Giles,29/03/2023,15/05/2023,Marcos Mcpherson,24/05/2023,03/06/2023,No,,,,,,,,,kefqa,,1,
11.11.61.44,ckrty,3528,BN3 1FT,3,Green,Jazmine Mathis,01/10/2023,01/11/2023,Kenny Merritt,10/11/2023,22/11/2023,Yes,,,,,,,,,jbxjs,,1,
61.35.65.16,toaql,4675,HP8 4QA,3,Green,Cora Lindsey,01/10/2023,04/12/2023,Brayden Giles,12/12/2023,23/12/2023,Yes,,,,,,,,,snbbf,,1,
32.63.23.15,skrpt,1773,BD13 4NA,3,Green,Chelsea Huber,01/10/2023,03/10/2023,Alfredo Holmes,16/10/2023,30/10/2023,No,,,,,,,,,oxdww,,2,
55.34.33.52,phulb,2031,EX37 9QB,3,Blue,Chelsea Huber,29/03/2023,05/07/2023,Brayden Giles,17/07/2023,29/07/2023,Yes,,,,,,,,,kelti,,2,
21.56.61.41,lgxby,4525,AB2 2DX,3,Green,Kenny Merritt,01/10/2023,28/12/2023,Brayden Giles,07/01/2024,19/01/2024,Yes,,,,,,,,,spfmz,,2,
36.53.45.11,pdyxj,8721,BS99 2DN,3,Blue,Kenny Merritt,01/10/2023,22/01/2024,Tate Benjamin,01/02/2024,12/02/2024,No,,,,,,,,,uaopx,,2,
51.33.35.41,ngcnd,3757,EX31 2EA,3,Blue,Alfredo Holmes,01/10/2023,09/01/2024,Kenny Merritt,15/01/2024,17/01/2024,No,,,,,,,,,cjdzs,,2,
45.45.43.21,rcmrv,5504,B28 9HU,3,Green,Kenny Merritt,01/10/2023,23/02/2024,Marcos Mcpherson,07/03/2024,17/03/2024,No,,,,,,,,,ucqge,,2,
44.36.51.21,iwajh,2304,BS15 5QZ,3,Green,Cora Lindsey,01/10/2023,09/03/2024,Kenny Merritt,13/03/2024,16/03/2024,No,,,,,,,,,rljni,,1,
63.42.51.32,huten,6361,EH54 7YW,3,Green,Cassius Mullins,29/03/2023,21/12/2023,Jazmine Mathis,02/01/2024,06/01/2024,Yes,,,,,,,,,zzobr,,1,
44.26.62.25,zdecn,1145,DH9 9XF,3,Green,Cora Lindsey,01/10/2023,20/01/2024,Alfredo Holmes,22/01/2024,05/02/2024,Yes,,,,,,,,,bcrtw,,2,
41.12.64.31,cqaaf,7731,EH4 5JH,3,Green,Brayden Giles,29/03/2023,10/04/2023,Marcos Mcpherson,24/04/2023,28/04/2023,No,,,,,,,,,mwzmd,,2,
31.14.51.25,ftdvw,1233,CR3 6WH,3,Green,Annabel Beasley,29/03/2023,19/04/2023,Annabel Beasley,21/04/2023,22/04/2023,No,,,,,,,,,skzgp,,2,
11.46.32.14,lvrzb,2886,CA6 5SZ,3,Blue,Brayden Giles,29/03/2023,03/05/2023,Chelsea Huber,12/05/2023,15/05/2023,Yes,,,,,,,,,bvuze,,1,
43.61.66.24,srksw,2331,AB14 0LQ,3,Blue,Chelsea Huber,01/10/2023,22/12/2023,Marcos Mcpherson,26/12/2023,06/01/2024,No,,,,,,,,,ttesr,,1,
36.11.22.45,jeqbi,5404,GL54 3YR,3,Green,Cassius Mullins,29/03/2023,02/06/2023,Brayden Giles,12/06/2023,13/06/2023,Yes,,,,,,,,,wqlzm,,1,
61.32.53.54,fndts,8873,BT38 9GN,3,Blue,Cora Lindsey,01/10/2023,02/02/2024,Brayden Giles,03/02/2024,08/02/2024,No,,,,,,,,,gqrqg,,1,
45.15.43.61,cwtzh,8567,DH8 5DZ,3,Blue,Tate Benjamin,29/03/2023,30/07/2023,Alfredo Holmes,06/08/2023,19/08/2023,Yes,,,,,,,,,fanxa,,2,
46.64.43.46,gfptw,3734,CF7 8LQ,3,Blue,Cora Lindsey,01/10/2023,21/03/2024,Marcos Mcpherson,30/03/2024,02/04/2024,No,,,,,,,,,wrbtf,,1,
55.54.61.64,cwdov,2812,BL6 9LA,3,Green,Marcos Mcpherson,01/10/2023,04/10/2023,Marcos Mcpherson,13/10/2023,20/10/2023,Yes,,,,,,,,,tokga,,1,
36.31.55.25,ifqzy,1413,DN37 7DF,3,Blue,Annabel Beasley,29/03/2023,06/10/2023,Cora Lindsey,18/10/2023,22/10/2023,Yes,,,,,,,,,vytgx,,2,
55.25.53.51,bvtid,4717,CR8 1WD,3,Blue,Alfredo Holmes,01/10/2023,16/11/2023,Chelsea Huber,20/11/2023,28/11/2023,No,,,,,,,,,xypmi,,1,
63.26.25.53,mldov,8004,BA12 8HH,3,Green,Cora Lindsey,01/10/2023,21/01/2024,Brayden Giles,31/01/2024,09/02/2024,No,,,,,,,,,mgqvw,,1,
35.32.62.33,jwuot,4230,EC1R 0NN,3,Blue,Brayden Giles,29/03/2023,10/03/2024,Kenny Merritt,16/03/2024,25/03/2024,Yes,,,,,,,,,znjsa,,2,
12.24.14.55,cpyml,7612,BT32 3UW,3,Blue,Marcos Mcpherson,29/03/2023,05/05/2023,Chelsea Huber,06/05/2023,10/05/2023,No,,,,,,,,,gwjja,,1,
63.43.43.35,nukjd,6768,B33 9LX,3,Green,Cassius Mullins,01/10/2023,04/11/2023,Cassius Mullins,15/11/2023,18/11/2023,No,,,,,,,,,ghyhq,,1,
33.11.43.24,zcczg,1205,DT1 1RG,3,Green,Brayden Giles,01/10/2023,22/02/2024,Alfredo Holmes,06/03/2024,12/03/2024,Yes,,,,,,,,,kdlyh,,1,
11.53.13.15,syjas,6512,GL20 9BT,3,Green,Brayden Giles,29/03/2023,14/07/2023,Tate Benjamin,17/07/2023,20/07/2023,No,,,,,,,,,wpktc,,1,
56.26.52.62,cxhrf,5044,CV1 3AN,3,Blue,Cora Lindsey,01/10/2023,04/03/2024,Kenny Merritt,06/03/2024,11/03/2024,No,,,,,,,,,gznvh,,1,
43.31.22.23,nyqbt,5457,BD13 3SU,3,Green,Marcos Mcpherson,01/10/2023,22/12/2023,Jazmine Mathis,31/12/2023,07/01/2024,No,,,,,,,,,jmvbi,,1,
51.34.55.55,txgby,3531,CT7 9BY,3,Green,Tate Benjamin,01/10/2023,01/12/2023,Alfredo Holmes,14/12/2023,16/12/2023,No,,,,,,,,,wrvmv,,2,
44.13.51.24,ekzgm,5581,CO11 1NJ,3,Green,Cora Lindsey,01/10/2023,08/10/2023,Chelsea Huber,16/10/2023,26/10/2023,No,,,,,,,,,heame,,2,
33.63.32.63,oxztk,4262,EC3V 4PQ,3,Green,Cora Lindsey,29/03/2023,06/07/2023,Tate Benjamin,20/07/2023,24/07/2023,Yes,,,,,,,,,kgzda,,2,
12.62.64.65,dtagf,3485,DA3 7DW,3,Blue,Annabel Beasley,29/03/2023,20/05/2023,Marcos Mcpherson,21/05/2023,26/05/2023,No,,,,,,,,,sovpq,,2,
13.11.44.25,ubhzc,25,CM8 2AW,3,Green,Tate Benjamin,01/10/2023,13/12/2023,Tate Benjamin,15/12/2023,16/12/2023,No,,,,,,,,,flsfk,,2,
42.34.33.31,wxhmf,2266,DA12 2BA,3,Blue,Annabel Beasley,01/10/2023,19/01/2024,Brayden Giles,22/01/2024,30/01/2024,Yes,,,,,,,,,joskx,,1,
64.64.12.23,yziwf,3306,BS22 6LE,3,Green,Cassius Mullins,01/10/2023,09/03/2024,Alfredo Holmes,19/03/2024,29/03/2024,No,,,,,,,,,urcjo,,1,
12.15.54.52,iiljo,7833,BN2 8SF,3,Blue,Kenny Merritt,29/03/2023,18/11/2023,Brayden Giles,02/12/2023,04/12/2023,Yes,,,,,,,,,bwdzb,,1,
15.52.62.42,iydny,5176,BT78 2NS,3,Green,Cassius Mullins,01/10/2023,30/11/2023,Chelsea Huber,03/12/2023,16/12/2023,Yes,,,,,,,,,sdhea,,2,
21.22.62.14,pdhsk,1731,DA17 5DL,3,Blue,Alfredo Holmes,29/03/2023,02/04/2023,Annabel Beasley,07/04/2023,19/04/2023,Yes,,,,,,,,,apmrm,,1,
63.62.14.52,akuzy,2111,HP17 8XA,3,Green,Kenny Merritt,29/03/2023,29/10/2023,Alfredo Holmes,01/11/2023,11/11/2023,No,,,,,,,,,ooxed,,2,
45.35.14.33,lirbb,3238,BT14 8GT,3,Blue,Tate Benjamin,29/03/2023,23/06/2023,Marcos Mcpherson,26/06/2023,08/07/2023,Yes,,,,,,,,,kdrjs,,2,
61.36.45.65,psrtx,2465,BH5 1EN,3,Blue,Cora Lindsey,29/03/2023,23/10/2023,Tate Benjamin,31/10/2023,06/11/2023,No,,,,,,,,,pvmle,,1,
42.12.65.26,numbv,352,HG4 3PU,3,Blue,Jazmine Mathis,01/10/2023,01/12/2023,Cassius Mullins,05/12/2023,06/12/2023,No,,,,,,,,,mauii,,2,
51.15.51.33,ylsrv,8173,HP1 1UE,3,Blue,Chelsea Huber,01/10/2023,23/10/2023,Tate Benjamin,26/10/2023,02/11/2023,Yes,,,,,,,,,hkuff,,2,
31.32.64.16,axsur,631,CO7 6BB,3,Green,Cassius Mullins,01/10/2023,07/10/2023,Cassius Mullins,13/10/2023,17/10/2023,Yes,,,,,,,,,rcyfs,,1,
53.24.31.66,qjhpj,4766,GL4 7XT,3,Green,Cora Lindsey,01/10/2023,07/02/2024,Annabel Beasley,20/02/2024,29/02/2024,No,,,,,,,,,litod,,2,
61.44.15.34,ntobu,654,CM19 4PR,3,Blue,Alfredo Holmes,01/10/2023,22/10/2023,Kenny Merritt,31/10/2023,09/11/2023,No,,,,,,,,,pytuz,,1,
32.42.35.46,kwjaw,3816,EH7 4ZH,3,Green,Cora Lindsey,29/03/2023,11/03/2024,Chelsea Huber,12/03/2024,15/03/2024,No,,,,,,,,,pjbsk,,2,
43.12.31.56,eiodw,5476,EH51 9LU,3,Green,Alfredo Holmes,01/10/2023,10/03/2024,Kenny Merritt,13/03/2024,17/03/2024,Yes,,,,,,,,,kiqub,,2,
23.54.53.61,cjygd,7366,CR4 2DZ,3,Green,Jazmine Mathis,29/03/2023,05/01/2024,Alfredo Holmes,15/01/2024,28/01/2024,No,,,,,,,,,twtbq,,1,
31.21.46.51,lvfxm,6265,BA21 5EE,3,Green,Alfredo Holmes,29/03/2023,12/10/2023,Jazmine Mathis,24/10/2023,02/11/2023,No,,,,,,,,,dovks,,1,
45.42.51.45,zuyog,3230,DT11 8DA,3,Blue,Chelsea Huber,01/10/2023,22/02/2024,Alfredo Holmes,26/02/2024,07/03/2024,Yes,,,,,,,,,bmvyy,,2,
16.35.45.45,wgbch,1170,HA1 9AR,3,Blue,Annabel Beasley,29/03/2023,10/03/2024,Cassius Mullins,17/03/2024,31/03/2024,No,,,,,,,,,grtjf,,2,
16.63.15.61,thxgu,2862,BT92 5DJ,3,Blue,Cassius Mullins,29/03/2023,16/01/2024,Alfredo Holmes,21/01/2024,04/02/2024,Yes,,,,,,,,,ybpoy,,2,
36.12.14.12,exizg,3618,DL15 8AW,3,Green,Cora Lindsey,01/10/2023,05/02/2024,Kenny Merritt,07/02/2024,12/02/2024,Yes,,,,,,,,,ejoxz,,2,
23.45.63.15,tyebk,7761,BB8 6RD,3,Blue,Annabel Beasley,29/03/2023,16/09/2023,Marcos Mcpherson,20/09/2023,22/09/2023,No,,,,,,,,,yaugn,,1,
24.35.34.24,exhwd,2068,GU2 6YX,3,Blue,Brayden Giles,01/10/2023,02/02/2024,Cassius Mullins,15/02/2024,19/02/2024,No,,,,,,,,,jyotx,,1,
64.55.13.34,yamic,2583,BT60 2EN,3,Blue,Jazmine Mathis,01/10/2023,19/02/2024,Marcos Mcpherson,03/03/2024,16/03/2024,Yes,,,,,,,,,hpunj,,1,
15.54.33.16,vhnlf,5070,DG5 4GH,3,Blue,Chelsea Huber,29/03/2023,29/01/2024,Brayden Giles,11/02/2024,18/02/2024,Yes,,,,,,,,,xlpdz,,2,
21.15.22.52,heiyf,4643,BS22 0HG,3,Green,Marcos Mcpherson,01/10/2023,14/12/2023,Cora Lindsey,20/12/2023,25/12/2023,Yes,,,,,,,,,gkcmc,,1,
13.11.16.11,kvvbc,7778,G2 6HA,3,Green,Annabel Beasley,01/10/2023,30/12/2023,Annabel Beasley,05/01/2024,17/01/2024,Yes,,,,,,,,,botra,,1,
22.31.46.23,szqfw,2485,BT8 4BZ,3,Blue,Marcos Mcpherson,01/10/2023,02/02/2024,Jazmine Mathis,07/02/2024,21/02/2024,Yes,,,,,,,,,iokyv,,2,
13.15.32.26,sxtot,2885,CR9 2WG,3,Green,Cassius Mullins,01/10/2023,12/02/2024,Annabel Beasley,24/02/2024,29/02/2024,Yes,,,,,,,,,dnimi,,2,
54.44.13.63,hcjgl,4224,BT35 0QY,3,Blue,Alfredo Holmes,29/03/2023,15/01/2024,Annabel Beasley,20/01/2024,23/01/2024,Yes,,,,,,,,,sxbhx,,1,
21.11.64.14,jhcxt,5370,BT57 8AR,3,Green,Annabel Beasley,29/03/2023,02/06/2023,Chelsea Huber,14/06/2023,24/06/2023,Yes,,,,,,,,,xcwex,,1,
46.14.34.51,vfoou,3304,B63 2UL,3,Blue,Tate Benjamin,01/10/2023,21/03/2024,Cassius Mullins,03/04/2024,14/04/2024,No,,,,,,,,,uudxq,,1,
44.51.25.25,hrvxf,7032,AB15 7QA,3,Green,Alfredo Holmes,29/03/2023,05/07/2023,Annabel Beasley,14/07/2023,20/07/2023,Yes,,,,,,,,,vaueu,,2,
14.14.25.24,slzjh,3170,EX39 5RD,3,Blue,Annabel Beasley,29/03/2023,07/12/2023,Jazmine Mathis,17/12/2023,18/12/2023,Yes,,,,,,,,,azpiw,,1,
53.15.44.21,xjgig,5353,CV21 1EW,3,Blue,Cassius Mullins,29/03/2023,02/11/2023,Tate Benjamin,15/11/2023,29/11/2023,Yes,,,,,,,,,mycwd,,1,
46.63.24.56,rbvcm,528,G11 6JA,3,Green,Brayden Giles,01/10/2023,20/11/2023,Jazmine Mathis,30/11/2023,05/12/2023,No,,,,,,,,,lsxpp,,2,
42.33.62.56,fceda,5651,AB2 5UA,3,Blue,Cora Lindsey,29/03/2023,16/03/2024,Tate Benjamin,20/03/2024,21/03/2024,No,,,,,,,,,ylccg,,1,
52.66.31.34,fyvjy,462,HD1 2YZ,3,Green,Brayden Giles,01/10/2023,23/10/2023,Jazmine Mathis,27/10/2023,03/11/2023,Yes,,,,,,,,,rfcsh,,2,
41.51.16.31,dcqzo,8514,EX9 6NF,3,Green,Annabel Beasley,29/03/2023,13/02/2024,Chelsea Huber,17/02/2024,24/02/2024,No,,,,,,,,,hfrye,,2,
12.11.15.16,hmfwi,4337,EH9 1JJ,3,Blue,Kenny Merritt,01/10/2023,07/02/2024,Kenny Merritt,21/02/2024,27/02/2024,Yes,,,,,,,,,ejdvw,,2,
43.26.64.14,ndrjx,587,BH20 7YA,3,Blue,Jazmine Mathis,01/10/2023,19/11/2023,Annabel Beasley,29/11/2023,05/12/2023,No,,,,,,,,,wkwwt,,2,
43.15.44.44,zjsso,5735,AB42 5HE,3,Blue,Chelsea Huber,29/03/2023,22/07/2023,Marcos Mcpherson,05/08/2023,18/08/2023,No,,,,,,,,,eworg,,2,
44.56.16.15,fuytr,3010,EH10 6EY,3,Green,Kenny Merritt,01/10/2023,29/11/2023,Alfredo Holmes,10/12/2023,17/12/2023,Yes,,,,,,,,,iiiar,,1,
44.45.23.46,cyqvi,6337,DA2 7QT,3,Green,Cora Lindsey,29/03/2023,10/03/2024,Kenny Merritt,16/03/2024,25/03/2024,No,,,,,,,,,duwsd,,2,
46.15.53.43,wpnxn,6678,EH11 3LP,3,Green,Cassius Mullins,29/03/2023,05/10/2023,Kenny Merritt,17/10/2023,19/10/2023,No,,,,,,,,,iklkq,,1,
63.61.52.14,atczg,428,DN18 6JX,3,Green,Cassius Mullins,01/10/2023,31/01/2024,Tate Benjamin,05/02/2024,19/02/2024,No,,,,,,,,,awsvq,,2,
46.52.46.42,ysqnf,7416,GL56 9QG,3,Green,Brayden Giles,01/10/2023,15/03/2024,Chelsea Huber,29/03/2024,31/03/2024,Yes,,,,,,,,,auirr,,1,
16.62.13.61,mlypu,5303,BH12 4EY,3,Blue,Alfredo Holmes,01/10/2023,17/11/2023,Kenny Merritt,26/11/2023,30/11/2023,Yes,,,,,,,,,xppcy,,2,
11.41.22.11,khmnq,632,GL55 6JW,3,Green,Cora Lindsey,29/03/2023,27/05/2023,Marcos Mcpherson,10/06/2023,11/06/2023,Yes,,,,,,,,,zumyb,,1,
24.23.65.61,zktst,3534,DN35 7WX,3,Green,Kenny Merritt,01/10/2023,20/10/2023,Jazmine Mathis,29/10/2023,31/10/2023,Yes,,,,,,,,,drwdw,,2,
52.22.63.16,ntljt,3224,BD1 3TD,3,Blue,Alfredo Holmes,01/10/2023,05/01/2024,Marcos Mcpherson,08/01/2024,10/01/2024,No,,,,,,,,,dtwqk,,2,
26.33.13.62,rvlhk,4328,E13 8TW,3,Blue,Jazmine Mathis,01/10/2023,02/03/2024,Jazmine Mathis,04/03/2024,09/03/2024,Yes,,,,,,,,,vxkdt,,2,
13.15.42.45,hvdly,8224,BH12 4DB,3,Blue,Cora Lindsey,01/10/2023,28/10/2023,Brayden Giles,06/11/2023,15/11/2023,No,,,,,,,,,algpk,,1,
54.66.63.11,edgup,7100,BB8 0LW,3,Green,Kenny Merritt,01/10/2023,04/11/2023,Cora Lindsey,18/11/2023,28/11/2023,Yes,,,,,,,,,paggu,,2,
11.44.46.63,pkmvi,8286,DL3 0LU,3,Blue,Alfredo Holmes,29/03/2023,05/12/2023,Cora Lindsey,06/12/2023,11/12/2023,Yes,,,,,,,,,swgtd,,1,
34.66.24.21,ddfqp,7280,DE1 1EB,3,Green,Tate Benjamin,01/10/2023,17/03/2024,Cora Lindsey,19/03/2024,25/03/2024,No,,,,,,,,,sgjzx,,1,
23.11.16.34,widuf,2661,GU33 9AX,3,Blue,Cora Lindsey,29/03/2023,10/03/2024,Jazmine Mathis,15/03/2024,18/03/2024,Yes,,,,,,,,,crrkt,,2,
31.34.14.42,pyayl,6258,BA8 0RG,3,Blue,Marcos Mcpherson,01/10/2023,02/11/2023,Chelsea Huber,15/11/2023,26/11/2023,No,,,,,,,,,isxer,,2,
24.16.15.46,siygw,4251,BS1 1YL,3,Green,Jazmine Mathis,01/10/2023,13/03/2024,Marcos Mcpherson,20/03/2024,02/04/2024,No,,,,,,,,,itvkb,,2,
16.44.64.36,ecbeb,3348,G15 6QN,3,Green,Jazmine Mathis,01/10/2023,22/01/2024,Cora Lindsey,28/01/2024,08/02/2024,Yes,,,,,,,,,sctoh,,2,
62.61.52.55,bhokj,7074,CA11 7SW,3,Green,Jazmine Mathis,29/03/2023,17/01/2024,Cassius Mullins,20/01/2024,28/01/2024,No,,,,,,,,,uxprt,,1,
34.15.12.24,ijnjy,5602,CB25 0FB,3,Blue,Cora Lindsey,29/03/2023,11/05/2023,Cassius Mullins,14/05/2023,22/05/2023,Yes,,,,,,,,,xysqt,,1,
42.61.45.23,wnhsh,2743,HR2 8DL,3,Green,Alfredo Holmes,29/03/2023,22/01/2024,Chelsea Huber,27/01/2024,10/02/2024,Yes,,,,,,,,,bieli,,2,
43.33.52.21,kmolh,7188,CW4 8LR,3,Blue,Chelsea Huber,29/03/2023,15/09/2023,Cassius Mullins,29/09/2023,06/10/2023,Yes,,,,,,,,,piqfp,,1,
35.62.62.22,jpkcc,3250,G20 9BQ,3,Green,Alfredo Holmes,29/03/2023,13/07/2023,Brayden Giles,23/07/2023,27/07/2023,No,,,,,,,,,uhkow,,2,
36.63.52.41,gdcht,8144,CF63 4EJ,3,Blue,Cora Lindsey,01/10/2023,09/11/2023,Cassius Mullins,13/11/2023,16/11/2023,Yes,,,,,,,,,ukvoy,,2,
25.44.25.26,jsnuu,8010,CR3 2XX,3,Blue,Chelsea Huber,29/03/2023,17/10/2023,Kenny Merritt,19/10/2023,23/10/2023,No,,,,,,,,,echim,,1,
36.65.44.34,ttzro,8615,EX14 3JW,3,Blue,Cassius Mullins,01/10/2023,08/12/2023,Cassius Mullins,09/12/2023,12/12/2023,Yes,,,,,,,,,vmbzk,,2,
13.54.43.63,zvxcs,2553,HP22 5HZ,3,Green,Annabel Beasley,29/03/2023,06/03/2024,Annabel Beasley,08/03/2024,20/03/2024,No,,,,,,,,,zvtzg,,2,
31.61.12.23,auqru,6477,CR3 9DJ,3,Blue,Jazmine Mathis,01/10/2023,05/02/2024,Alfredo Holmes,16/02/2024,20/02/2024,Yes,,,,,,,,,gsztn,,2,
42.33.61.66,wmivh,4425,BN1 4FX,3,Green,Cora Lindsey,29/03/2023,18/01/2024,Brayden Giles,31/01/2024,01/02/2024,Yes,,,,,,,,,gxgsx,,2,
61.43.33.46,jmjyo,2080,G21 4YG,3,Blue,Tate Benjamin,01/10/2023,16/01/2024,Marcos Mcpherson,23/01/2024,05/02/2024,No,,,,,,,,,bcmgo,,1,
11.31.13.33,hiuwx,8430,G78 2LT,3,Blue,Tate Benjamin,01/10/2023,22/02/2024,Cora Lindsey,29/02/2024,11/03/2024,No,,,,,,,,,fitmv,,1,
66.14.11.25,epiqw,2274,AL10 1ZZ,3,Green,Cassius Mullins,01/10/2023,28/01/2024,Brayden Giles,30/01/2024,07/02/2024,No,,,,,,,,,wlxox,,1,
12.54.14.34,wimou,4628,BT67 0NU,3,Blue,Kenny Merritt,01/10/2023,12/02/2024,Kenny Merritt,22/02/2024,28/02/2024,Yes,,,,,,,,,wzfll,,1,
44.44.36.33,oiolz,654,EH26 9LH,3,Blue,Brayden Giles,29/03/2023,22/07/2023,Chelsea Huber,31/07/2023,11/08/2023,Yes,,,,,,,,,qsqlv,,2,
36.43.12.55,psnhr,8268,CV11 5JZ,3,Blue,Chelsea Huber,01/10/2023,25/03/2024,Marcos Mcpherson,08/04/2024,15/04/2024,Yes,,,,,,,,,zpaag,,1,
61.25.52.14,jcdrx,8353,EC4N 1TT,3,Green,Cora Lindsey,01/10/2023,06/12/2023,Kenny Merritt,19/12/2023,27/12/2023,No,,,,,,,,,hsdxv,,1,
61.51.62.26,mybuq,8503,BS20 0NE,3,Blue,Marcos Mcpherson,29/03/2023,16/04/2023,Alfredo Holmes,18/04/2023,29/04/2023,Yes,,,,,,,,,ehjgk,,1,
66.11.26.52,hhoxc,2542,GU11 2BD,3,Blue,Marcos Mcpherson,29/03/2023,11/10/2023,Kenny Merritt,15/10/2023,28/10/2023,No,,,,,,,,,lbycc,,1,
41.54.46.33,gbpsv,2136,DE1 3QU,3,Green,Chelsea Huber,29/03/2023,15/03/2024,Tate Benjamin,16/03/2024,21/03/2024,No,,,,,,,,,yptgl,,2,
64.32.54.63,mezim,4483,BR3 5EZ,3,Green,Brayden Giles,29/03/2023,02/04/2023,Cassius Mullins,03/04/2023,13/04/2023,No,,,,,,,,,lvsqf,,1,
16.36.54.34,etswq,3273,B68 8HS,3,Blue,Cora Lindsey,01/10/2023,12/03/2024,Annabel Beasley,15/03/2024,16/03/2024,No,,,,,,,,,jirnv,,1,
25.51.12.45,wnvag,2733,DE56 2HH,3,Green,Cassius Mullins,01/10/2023,26/12/2023,Cassius Mullins,03/01/2024,17/01/2024,Yes,,,,,,,,,lgmrk,,2,
61.16.15.42,ftrhk,4677,EX1 1NB,3,Blue,Marcos Mcpherson,01/10/2023,18/03/2024,Cora Lindsey,26/03/2024,09/04/2024,No,,,,,,,,,yxkdx,,1,
66.12.46.65,kociy,183,E7 8UR,3,Green,Marcos Mcpherson,29/03/2023,15/08/2023,Chelsea Huber,26/08/2023,27/08/2023,No,,,,,,,,,gaikt,,2,
65.35.26.26,akyre,8361,CH44 0FB,3,Green,Alfredo Holmes,01/10/2023,27/03/2024,Cora Lindsey,08/04/2024,22/04/2024,No,,,,,,,,,snezk,,2,
35.14.13.53,kjamv,311,BH23 2AR,3,Blue,Chelsea Huber,01/10/2023,20/10/2023,Tate Benjamin,22/10/2023,30/10/2023,Yes,,,,,,,,,zsknb,,1,
25.23.66.61,luvjx,4602,B1 1LB,3,Blue,Alfredo Holmes,01/10/2023,15/01/2024,Marcos Mcpherson,22/01/2024,31/01/2024,No,,,,,,,,,xsrgi,,1,
26.43.13.41,kppbv,7738,FY1 5FA,3,Blue,Annabel Beasley,29/03/2023,08/04/2023,Annabel Beasley,14/04/2023,16/04/2023,Yes,,,,,,,,,ifebu,,1,
14.55.22.14,mpydk,7121,DD11 5HZ,3,Blue,Alfredo Holmes,29/03/2023,30/11/2023,Tate Benjamin,11/12/2023,19/12/2023,No,,,,,,,,,srkjl,,2,
35.63.52.56,yehld,6138,BT71 5DP,3,Blue,Cassius Mullins,01/10/2023,17/10/2023,Alfredo Holmes,19/10/2023,26/10/2023,Yes,,,,,,,,,emkhg,,1,
51.41.33.23,jefzu,8177,BD12 8RA,3,Green,Cassius Mullins,29/03/2023,22/11/2023,Chelsea Huber,25/11/2023,26/11/2023,Yes,,,,,,,,,khyto,,1,
32.56.33.25,kuihj,2882,BT16 0GB,3,Green,Chelsea Huber,29/03/2023,24/08/2023,Brayden Giles,01/09/2023,03/09/2023,Yes,,,,,,,,,kjhso,,1,
43.16.35.55,igldd,6130,BA2 2UG,3,Blue,Tate Benjamin,29/03/2023,05/12/2023,Chelsea Huber,06/12/2023,20/12/2023,Yes,,,,,,,,,ehttt,,1,
14.44.63.11,wqetq,7711,BD3 7YW,3,Blue,Cora Lindsey,01/10/2023,05/02/2024,Marcos Mcpherson,17/02/2024,02/03/2024,No,,,,,,,,,hlqia,,1,
61.35.33.53,tieeb,3256,CB1 1JP,3,Blue,Alfredo Holmes,01/10/2023,28/02/2024,Alfredo Holmes,01/03/2024,12/03/2024,Yes,,,,,,,,,qbxan,,1,
21.33.16.34,vzfzm,7245,DY6 0JF,3,Blue,Marcos Mcpherson,29/03/2023,27/10/2023,Chelsea Huber,01/11/2023,07/11/2023,No,,,,,,,,,ujdtx,,1,
15.64.24.22,obrge,1532,BH7 6EU,3,Blue,Jazmine Mathis,29/03/2023,02/09/2023,Tate Benjamin,14/09/2023,24/09/2023,No,,,,,,,,,jaxhs,,1,
52.42.16.34,nacns,5585,B68 8QG,3,Blue,Kenny Merritt,01/10/2023,05/12/2023,Annabel Beasley,07/12/2023,18/12/2023,No,,,,,,,,,clmth,,1,
22.63.54.11,aqmxm,2306,CV36 4LG,3,Blue,Chelsea Huber,01/10/2023,20/12/2023,Cassius Mullins,25/12/2023,04/01/2024,No,,,,,,,,,qdpxh,,1,
13.42.61.21,pxxoj,1151,BA11 6SF,3,Green,Tate Benjamin,29/03/2023,23/04/2023,Annabel Beasley,01/05/2023,04/05/2023,Yes,,,,,,,,,aqbyv,,1,
11.43.52.61,fozuz,8703,GL6 7QH,3,Blue,Tate Benjamin,01/10/2023,22/10/2023,Annabel Beasley,26/10/2023,06/11/2023,Yes,,,,,,,,,mlyix,,1,
35.21.32.61,jkhrj,6414,GU46 6FX,3,Green,Alfredo Holmes,29/03/2023,09/05/2023,Marcos Mcpherson,18/05/2023,29/05/2023,Yes,,,,,,,,,xduxa,,1,
36.41.11.45,ouotg,7365,EC2N 2JP,3,Green,Cora Lindsey,29/03/2023,29/02/2024,Kenny Merritt,07/03/2024,09/03/2024,No,,,,,,,,,dcpbh,,2,
34.21.21.42,egnks,1407,CO10 8AR,3,Green,Brayden Giles,29/03/2023,14/08/2023,Annabel Beasley,19/08/2023,30/08/2023,No,,,,,,,,,eyirq,,1,
53.61.44.34,kiabb,52,BS2 0SG,3,Green,Cora Lindsey,29/03/2023,14/03/2024,Tate Benjamin,22/03/2024,03/04/2024,No,,,,,,,,,viscm,,2,
43.12.54.12,zhbik,7804,DL12 9YS,3,Green,Chelsea Huber,01/10/2023,01/12/2023,Marcos Mcpherson,05/12/2023,15/12/2023,Yes,,,,,,,,,cnwpr,,2,
34.35.45.54,sdcbv,711,FK8 2QE,3,Green,Tate Benjamin,29/03/2023,08/10/2023,Annabel Beasley,17/10/2023,25/10/2023,No,,,,,,,,,cbxmv,,1,
45.25.23.24,vzmtv,318,GU29 1AH,3,Green,Alfredo Holmes,29/03/2023,06/11/2023,Alfredo Holmes,12/11/2023,23/11/2023,Yes,,,,,,,,,htkab,,2,
16.15.54.22,uzzpe,3700,CB2 4QW,3,Blue,Alfredo Holmes,01/10/2023,05/12/2023,Kenny Merritt,10/12/2023,18/12/2023,Yes,,,,,,,,,iogan,,1,
11.25.55.16,fisjr,3634,CV35 7SZ,3,Blue,Alfredo Holmes,01/10/2023,17/03/2024,Jazmine Mathis,25/03/2024,30/03/2024,Yes,,,,,,,,,ofwfe,,1,
53.12.25.46,oluqt,7786,EH54 5FN,3,Blue,Tate Benjamin,01/10/2023,16/10/2023,Cora Lindsey,24/10/2023,04/11/2023,No,,,,,,,,,kmcsi,,1,
12.65.66.12,eweki,3287,CB2 1AR,3,Green,Alfredo Holmes,29/03/2023,09/06/2023,Cassius Mullins,17/06/2023,27/06/2023,No,,,,,,,,,eyait,,2,
55.35.35.35,llynh,4544,B8 2XQ,3,Green,Annabel Beasley,01/10/2023,19/01/2024,Annabel Beasley,27/01/2024,06/02/2024,No,,,,,,,,,iqvkc,,2,
13.53.23.34,pcqkn,6618,DD5 3SZ,3,Blue,Marcos Mcpherson,29/03/2023,10/03/2024,Alfredo Holmes,13/03/2024,21/03/2024,No,,,,,,,,,datro,,2,
52.33.12.64,jyksm,3363,G74 4DN,3,Blue,Alfredo Holmes,29/03/2023,08/12/2023,Cassius Mullins,17/12/2023,21/12/2023,No,,,,,,,,,ddxxt,,1,
21.65.62.32,ainyf,3432,EC1Y 8QZ,3,Blue,Kenny Merritt,01/10/2023,15/12/2023,Annabel Beasley,18/12/2023,27/12/2023,Yes,,,,,,,,,rttxo,,1,
52.13.51.22,cyzgs,156,E16 1QF,3,Green,Tate Benjamin,01/10/2023,29/01/2024,Brayden Giles,10/02/2024,19/02/2024,Yes,,,,,,,,,cvhsc,,2,
15.34.23.44,npkea,6362,DA12 1JS,3,Blue,Alfredo Holmes,01/10/2023,30/11/2023,Cassius Mullins,06/12/2023,10/12/2023,Yes,,,,,,,,,buwkc,,1,
21.55.14.24,yvliv,2480,BH1 9HZ,3,Green,Cassius Mullins,01/10/2023,12/02/2024,Cora Lindsey,26/02/2024,06/03/2024,Yes,,,,,,,,,pjlit,,2,
21.12.22.31,ooygy,1213,AL7 2LF,3,Blue,Cora Lindsey,29/03/2023,11/06/2023,Jazmine Mathis,15/06/2023,23/06/2023,No,,,,,,,,,fabus,,1,
54.23.45.51,qekkv,6703,DD5 3TR,3,Blue,Kenny Merritt,29/03/2023,09/12/2023,Annabel Beasley,21/12/2023,02/01/2024,Yes,,,,,,,,,eccxf,,1,
54.63.34.44,vulee,6517,AL5 1NE,3,Blue,Cassius Mullins,01/10/2023,23/12/2023,Alfredo Holmes,25/12/2023,31/12/2023,No,,,,,,,,,egofp,,2,
12.52.33.55,vxrbo,822,E1 6RR,3,Blue,Marcos Mcpherson,01/10/2023,01/01/2024,Annabel Beasley,05/01/2024,13/01/2024,Yes,,,,,,,,,sjzkk,,2,
34.25.13.46,dnhwp,6814,EH9 1UL,3,Blue,Alfredo Holmes,29/03/2023,05/01/2024,Cassius Mullins,08/01/2024,22/01/2024,No,,,,,,,,,emdlr,,1,
66.24.63.22,nifpp,1614,G51 1SL,3,Green,Cassius Mullins,01/10/2023,27/02/2024,Alfredo Holmes,08/03/2024,15/03/2024,No,,,,,,,,,qggwt,,1,
32.24.32.42,nxfwi,1237,E2 9NR,3,Green,Cassius Mullins,29/03/2023,04/02/2024,Annabel Beasley,14/02/2024,19/02/2024,Yes,,,,,,,,,ryrsz,,1,
63.56.11.42,iwpha,2755,CF40 1SN,3,Green,Annabel Beasley,29/03/2023,02/12/2023,Jazmine Mathis,09/12/2023,11/12/2023,No,,,,,,,,,xkqus,,1,
53.45.64.51,fpgrf,3642,CH1 1HU,3,Blue,Alfredo Holmes,29/03/2023,11/02/2024,Alfredo Holmes,14/02/2024,27/02/2024,Yes,,,,,,,,,jernt,,2,
61.32.31.62,tppjr,1055,BT5 5DA,3,Blue,Marcos Mcpherson,01/10/2023,10/11/2023,Brayden Giles,18/11/2023,02/12/2023,Yes,,,,,,,,,umziv,,1,
45.13.13.21,vnwvo,2038,B14 7DH,3,Blue,Alfredo Holmes,01/10/2023,21/03/2024,Marcos Mcpherson,25/03/2024,30/03/2024,Yes,,,,,,,,,yugdo,,2,
52.12.65.14,jfysw,8652,CW11 9DQ,3,Blue,Alfredo Holmes,29/03/2023,01/03/2024,Jazmine Mathis,10/03/2024,16/03/2024,No,,,,,,,,,ffzns,,1,
51.54.22.11,uynbn,7781,E4 6UG,3,Blue,Tate Benjamin,29/03/2023,31/08/2023,Cassius Mullins,03/09/2023,07/09/2023,Yes,,,,,,,,,dnyvt,,1,
31.42.32.43,nasug,4600,BL9 6RX,3,Blue,Chelsea Huber,01/10/2023,12/11/2023,Kenny Merritt,24/11/2023,06/12/2023,No,,,,,,,,,grnul,,1,
66.65.41.63,ckqxd,1105,CR0 1EQ,3,Green,Cora Lindsey,29/03/2023,24/06/2023,Marcos Mcpherson,02/07/2023,16/07/2023,No,,,,,,,,,gyiqg,,2,
16.21.13.11,zdxbs,38,EN5 5TD,3,Green,Cora Lindsey,29/03/2023,06/04/2023,Tate Benjamin,14/04/2023,28/04/2023,No,,,,,,,,,wfegb,,1,
34.16.24.13,vxert,1765,CR7 7NQ,3,Green,Jazmine Mathis,29/03/2023,09/01/2024,Jazmine Mathis,17/01/2024,18/01/2024,No,,,,,,,,,dpawr,,2,
12.31.52.53,jpnjd,2372,G3 8QJ,3,Green,Tate Benjamin,01/10/2023,20/11/2023,Tate Benjamin,27/11/2023,29/11/2023,No,,,,,,,,,tpxpk,,2,
26.51.13.25,jlloa,5685,G66 5DT,3,Blue,Marcos Mcpherson,29/03/2023,25/09/2023,Tate Benjamin,28/09/2023,07/10/2023,No,,,,,,,,,naswu,,2,
15.14.55.43,mdhnu,4536,BL1 3FG,3,Green,Kenny Merritt,29/03/2023,10/12/2023,Cassius Mullins,16/12/2023,23/12/2023,No,,,,,,,,,hamrt,,2,
26.33.11.41,hvudt,6406,G63 0HW,3,Blue,Cora Lindsey,29/03/2023,03/02/2024,Alfredo Holmes,10/02/2024,18/02/2024,No,,,,,,,,,xexfy,,2,
24.21.42.13,mmgyc,2505,DD11 5RU,3,Blue,Tate Benjamin,01/10/2023,04/12/2023,Brayden Giles,10/12/2023,17/12/2023,No,,,,,,,,,vujic,,2,
13.53.34.65,qvxmw,4183,BN2 1WJ,3,Blue,Tate Benjamin,01/10/2023,11/03/2024,Marcos Mcpherson,20/03/2024,28/03/2024,Yes,,,,,,,,,thdlp,,1,
65.35.45.53,yrvxw,6886,B98 9NF,3,Green,Annabel Beasley,29/03/2023,14/03/2024,Chelsea Huber,19/03/2024,26/03/2024,Yes,,,,,,,,,fgcbo,,1,
56.51.55.16,zrxqv,2006,DE23 8RW,3,Blue,Chelsea Huber,01/10/2023,28/12/2023,Alfredo Holmes,29/12/2023,12/01/2024,Yes,,,,,,,,,pyhet,,2,
52.22.56.16,oyigv,6038,AB39 3XH,3,Blue,Chelsea Huber,29/03/2023,27/01/2024,Kenny Merritt,10/02/2024,22/02/2024,No,,,,,,,,,ikukf,,1,
15.43.53.64,wlmqs,5723,BB12 0LT,3,Blue,Brayden Giles,29/03/2023,23/10/2023,Jazmine Mathis,31/10/2023,08/11/2023,Yes,,,,,,,,,okthf,,1,
12.32.14.35,adswy,3480,EH46 7DS,3,Green,Cora Lindsey,29/03/2023,18/09/2023,Jazmine Mathis,01/10/2023,10/10/2023,No,,,,,,,,,lpbzj,,1,
61.64.22.41,syiqt,4304,E8 4UG,3,Green,Kenny Merritt,01/10/2023,24/03/2024,Chelsea Huber,25/03/2024,28/03/2024,Yes,,,,,,,,,stwbc,,1,
42.33.52.46,pwzky,547,B76 8HT,3,Blue,Kenny Merritt,01/10/2023,26/01/2024,Kenny Merritt,02/02/2024,05/02/2024,No,,,,,,,,,jzvkx,,1,
42.52.16.54,xykey,1254,BS34 9JZ,3,Green,Brayden Giles,29/03/2023,19/12/2023,Marcos Mcpherson,21/12/2023,25/12/2023,No,,,,,,,,,hpehl,,2,
34.43.66.41,yyszc,7880,BT40 1RQ,3,Blue,Chelsea Huber,29/03/2023,09/05/2023,Chelsea Huber,19/05/2023,24/05/2023,No,,,,,,,,,saxbl,,1,
25.33.23.63,rixqs,4341,E14 4DB,3,Blue,Kenny Merritt,29/03/2023,09/01/2024,Annabel Beasley,13/01/2024,17/01/2024,Yes,,,,,,,,,qntpy,,2,
35.52.23.35,hgrtv,2566,G13 1XL,3,Blue,Cora Lindsey,29/03/2023,26/11/2023,Brayden Giles,07/12/2023,19/12/2023,Yes,,,,,,,,,dpsiq,,1,
55.52.65.66,dsqal,5236,EX7 0XQ,3,Blue,Tate Benjamin,01/10/2023,27/01/2024,Marcos Mcpherson,02/02/2024,16/02/2024,Yes,,,,,,,,,biwkt,,1,
13.63.32.25,nhhhx,2745,B30 2TT,3,Blue,Kenny Merritt,01/10/2023,19/01/2024,Jazmine Mathis,25/01/2024,05/02/2024,Yes,,,,,,,,,ascxf,,2,
12.51.31.13,prcpq,266,E7 9WE,3,Blue,Cassius Mullins,29/03/2023,13/02/2024,Kenny Merritt,15/02/2024,23/02/2024,Yes,,,,,,,,,vksju,,1,
43.21.64.65,zjzff,2728,B67 5LG,3,Blue,Chelsea Huber,01/10/2023,13/01/2024,Cora Lindsey,18/01/2024,24/01/2024,Yes,,,,,,,,,yhpzg,,2,
23.36.44.22,krcvw,8038,BT92 4QA,3,Blue,Tate Benjamin,29/03/2023,08/02/2024,Tate Benjamin,17/02/2024,21/02/2024,Yes,,,,,,,,,jmjcm,,2,
33.25.43.45,oqqqt,4773,HP16 9SD,3,Green,Kenny Merritt,01/10/2023,18/02/2024,Tate Benjamin,27/02/2024,06/03/2024,Yes,,,,,,,,,vntoi,,2,
32.16.26.21,hvasv,1263,E17 5JB,3,Green,Tate Benjamin,29/03/2023,22/01/2024,Kenny Merritt,25/01/2024,02/02/2024,No,,,,,,,,,oxibh,,1,
52.61.34.24,kudtr,2158,GU8 4JB,3,Green,Cora Lindsey,01/10/2023,01/11/2023,Marcos Mcpherson,15/11/2023,20/11/2023,Yes,,,,,,,,,azvyf,,1,
24.36.42.25,tavfi,160,G31 2SB,3,Blue,Alfredo Holmes,29/03/2023,12/09/2023,Marcos Mcpherson,21/09/2023,22/09/2023,Yes,,,,,,,,,ebvez,,2,
44.35.62.56,ffseh,1028,DY1 9ET,3,Blue,Cora Lindsey,29/03/2023,06/03/2024,Alfredo Holmes,15/03/2024,23/03/2024,Yes,,,,,,,,,joxor,,1,
52.25.11.36,pwlve,2301,DN31 2AJ,3,Blue,Marcos Mcpherson,01/10/2023,22/12/2023,Brayden Giles,30/12/2023,01/01/2024,No,,,,,,,,,mkwrl,,2,
64.26.44.52,msbfb,147,HA5 3YX,3,Green,Chelsea Huber,29/03/2023,29/02/2024,Kenny Merritt,05/03/2024,12/03/2024,No,,,,,,,,,bhhpg,,2,
23.52.52.25,cikhh,2808,B68 0BL,3,Blue,Jazmine Mathis,01/10/2023,22/12/2023,Cora Lindsey,31/12/2023,06/01/2024,Yes,,,,,,,,,omatj,,1,
61.16.35.24,plkjh,3403,BS34 7NJ,3,Blue,Jazmine Mathis,01/10/2023,03/02/2024,Marcos Mcpherson,13/02/2024,17/02/2024,No,,,,,,,,,ctuak,,2,
41.23.56.23,eemlr,8021,GL4 5EX,3,Blue,Chelsea Huber,29/03/2023,27/09/2023,Marcos Mcpherson,03/10/2023,17/10/2023,Yes,,,,,,,,,arvnr,,2,
21.53.51.33,mghto,5611,BT93 3BW,3,Blue,Brayden Giles,29/03/2023,19/02/2024,Alfredo Holmes,25/02/2024,01/03/2024,No,,,,,,,,,gjgbj,,2,
45.55.34.15,ajxvp,6808,HA5 2RX,3,Green,Chelsea Huber,01/10/2023,03/11/2023,Chelsea Huber,11/11/2023,19/11/2023,No,,,,,,,,,tkaef,,1,
46.61.51.33,tftil,4647,CA6 4NH,3,Green,Cora Lindsey,01/10/2023,17/10/2023,Tate Benjamin,30/10/2023,06/11/2023,No,,,,,,,,,zuqbb,,1,
15.24.66.16,kgkok,530,BA5 1LN,3,Blue,Annabel Beasley,01/10/2023,09/10/2023,Chelsea Huber,10/10/2023,12/10/2023,No,,,,,,,,,xugrx,,1,
33.63.22.54,vkvft,1751,CV12 8ZT,3,Blue,Alfredo Holmes,29/03/2023,05/11/2023,Annabel Beasley,16/11/2023,18/11/2023,No,,,,,,,,,buwds,,2,
63.51.55.16,iqvjf,2262,CH4 7EB,3,Blue,Jazmine Mathis,29/03/2023,03/12/2023,Alfredo Holmes,14/12/2023,27/12/2023,Yes,,,,,,,,,vnzmx,,1,
52.22.26.33,uigmj,2870,DA13 0NS,3,Blue,Alfredo Holmes,01/10/2023,26/11/2023,Jazmine Mathis,07/12/2023,20/12/2023,Yes,,,,,,,,,ielud,,2,
63.15.36.36,uibcz,2033,GL1 9JJ,3,Blue,Annabel Beasley,29/03/2023,07/04/2023,Brayden Giles,18/04/2023,27/04/2023,No,,,,,,,,,howhx,,2,
62.24.16.26,tupqa,1701,GU1 1BY,3,Blue,Cora Lindsey,29/03/2023,22/12/2023,Marcos Mcpherson,29/12/2023,02/01/2024,Yes,,,,,,,,,cgpjt,,2,
62.44.11.44,mmkak,8345,B77 4BJ,3,Green,Jazmine Mathis,01/10/2023,15/12/2023,Annabel Beasley,29/12/2023,09/01/2024,Yes,,,,,,,,,skhde,,1,
32.33.61.22,ppsxq,482,CH43 4UE,3,Blue,Cora Lindsey,01/10/2023,05/02/2024,Annabel Beasley,14/02/2024,26/02/2024,No,,,,,,,,,ofmel,,1,
54.46.61.23,iqwcz,7352,AL10 8AH,3,Green,Marcos Mcpherson,29/03/2023,02/10/2023,Jazmine Mathis,10/10/2023,17/10/2023,Yes,,,,,,,,,jiirw,,1,
54.63.13.55,ucdxr,817,CF63 1JG,3,Green,Kenny Merritt,29/03/2023,26/10/2023,Brayden Giles,09/11/2023,22/11/2023,No,,,,,,,,,httff,,1,
15.25.66.33,qdsmh,7005,E17 3AW,3,Blue,Marcos Mcpherson,01/10/2023,04/02/2024,Chelsea Huber,08/02/2024,21/02/2024,No,,,,,,,,,piktv,,1,
63.21.46.54,fxedh,3243,HA0 1ED,3,Blue,Brayden Giles,01/10/2023,22/12/2023,Tate Benjamin,03/01/2024,10/01/2024,Yes,,,,,,,,,qfynh,,1,
53.36.61.36,bwaam,5824,G74 4GH,3,Blue,Marcos Mcpherson,29/03/2023,06/09/2023,Brayden Giles,15/09/2023,27/09/2023,No,,,,,,,,,jnpet,,1,
41.24.33.53,rsmon,6012,B31 4JX,3,Green,Annabel Beasley,01/10/2023,19/12/2023,Cora Lindsey,02/01/2024,16/01/2024,Yes,,,,,,,,,ujqvt,,2,
31.22.45.24,ished,1363,DA12 2FB,3,Green,Brayden Giles,29/03/2023,04/12/2023,Brayden Giles,18/12/2023,28/12/2023,Yes,,,,,,,,,svtpb,,1,
25.63.65.54,rjqzm,3773,BA11 5JG,3,Green,Annabel Beasley,29/03/2023,26/01/2024,Brayden Giles,27/01/2024,10/02/2024,No,,,,,,,,,rxztc,,2,
61.44.13.52,yaqvg,6810,HA5 4PZ,3,Green,Marcos Mcpherson,01/10/2023,04/01/2024,Annabel Beasley,05/01/2024,18/01/2024,No,,,,,,,,,kiuvd,,2,
16.14.11.22,qbgbb,4343,GU11 2AF,3,Green,Alfredo Holmes,29/03/2023,08/11/2023,Annabel Beasley,10/11/2023,23/11/2023,No,,,,,,,,,tgjqy,,1,
16.12.26.12,sflhb,3017,DH4 6FH,3,Green,Kenny Merritt,29/03/2023,04/05/2023,Cassius Mullins,12/05/2023,19/05/2023,No,,,,,,,,,nonci,,2,
66.42.56.66,xzgmr,1038,FK19 8PE,3,Green,Alfredo Holmes,01/10/2023,06/11/2023,Cora Lindsey,15/11/2023,17/11/2023,Yes,,,,,,,,,lboox,,1,
32.41.23.44,xebwf,2783,AB51 4FE,3,Green,Annabel Beasley,29/03/2023,20/04/2023,Marcos Mcpherson,02/05/2023,09/05/2023,Yes,,,,,,,,,heirp,,1,
62.25.41.36,itfdw,1871,BD1 9JQ,3,Green,Cora Lindsey,01/10/2023,26/10/2023,Alfredo Holmes,08/11/2023,20/11/2023,Yes,,,,,,,,,srryz,,2,
34.26.21.42,cxxzi,187,B77 1AL,3,Green,Jazmine Mathis,29/03/2023,20/05/2023,Tate Benjamin,03/06/2023,12/06/2023,No,,,,,,,,,maemd,,2,
13.15.22.51,jnqoj,1425,DA15 9BN,3,Blue,Cassius Mullins,01/10/2023,13/03/2024,Annabel Beasley,20/03/2024,21/03/2024,No,,,,,,,,,dljxs,,1,
51.22.52.16,uethh,4724,BH21 2YX,3,Green,Kenny Merritt,01/10/2023,11/01/2024,Cora Lindsey,18/01/2024,23/01/2024,No,,,,,,,,,ukkzg,,2,
64.56.53.14,ilmcv,6514,CV2 2RR,3,Blue,Cora Lindsey,01/10/2023,14/12/2023,Cora Lindsey,19/12/2023,26/12/2023,No,,,,,,,,,cvpik,,2,
31.16.32.42,gjqvl,5688,EH6 6EA,3,Blue,Brayden Giles,01/10/2023,14/03/2024,Annabel Beasley,28/03/2024,09/04/2024,No,,,,,,,,,qlhne,,1,
55.43.32.11,kupcd,8053,CO10 7JR,3,Green,Jazmine Mathis,01/10/2023,19/12/2023,Tate Benjamin,31/12/2023,05/01/2024,Yes,,,,,,,,,crwwr,,1,
66.31.53.66,zxylb,783,DL2 3DN,3,Green,Cassius Mullins,01/10/2023,13/11/2023,Kenny Merritt,25/11/2023,09/12/2023,No,,,,,,,,,npcpp,,2,
21.25.66.22,vxkwz,8563,AB9 8YT,3,Blue,Cassius Mullins,29/03/2023,23/11/2023,Brayden Giles,30/11/2023,08/12/2023,Yes,,,,,,,,,zstdi,,1,
11.64.11.46,pugmu,7540,EC50 4SU,3,Green,Cora Lindsey,29/03/2023,23/06/2023,Jazmine Mathis,30/06/2023,08/07/2023,Yes,,,,,,,,,zcenq,,2,
21.22.15.26,tcrrr,7224,CF31 4JY,3,Green,Brayden Giles,01/10/2023,15/12/2023,Alfredo Holmes,27/12/2023,28/12/2023,No,,,,,,,,,tieiy,,2,
65.14.31.24,tvttf,2728,CH25 9AX,3,Green,Cora Lindsey,01/10/2023,06/10/2023,Kenny Merritt,12/10/2023,13/10/2023,Yes,,,,,,,,,abinh,,2,
32.62.41.36,vrpwg,7763,GU21 3LG,3,Green,Cassius Mullins,01/10/2023,23/10/2023,Alfredo Holmes,30/10/2023,04/11/2023,No,,,,,,,,,umkpn,,2,
21.54.21.24,nhtvq,8228,BT12 5BE,3,Green,Annabel Beasley,01/10/2023,06/10/2023,Cora Lindsey,14/10/2023,23/10/2023,Yes,,,,,,,,,icxrf,,2,
66.12.42.52,bjdtj,5635,BN10 7EB,3,Green,Tate Benjamin,29/03/2023,17/09/2023,Jazmine Mathis,19/09/2023,01/10/2023,No,,,,,,,,,axqqk,,2,
61.15.46.44,wgaag,1706,EH55 8HN,3,Blue,Annabel Beasley,01/10/2023,14/03/2024,Chelsea Huber,25/03/2024,05/04/2024,No,,,,,,,,,hudtw,,2,
41.63.64.42,ltrrq,1000,AB41 0HG,3,Green,Cora Lindsey,29/03/2023,05/12/2023,Alfredo Holmes,14/12/2023,22/12/2023,Yes,,,,,,,,,wntou,,2,
56.61.21.46,rgoek,8688,DN22 9XJ,3,Green,Jazmine Mathis,29/03/2023,22/12/2023,Cora Lindsey,23/12/2023,06/01/2024,No,,,,,,,,,vmjhf,,2,
31.41.12.15,kxuqd,4144,CO6 4SP,3,Green,Kenny Merritt,01/10/2023,12/01/2024,Chelsea Huber,15/01/2024,18/01/2024,No,,,,,,,,,aarml,,1,
15.26.35.11,kdefk,7227,DE21 6XZ,3,Blue,Cassius Mullins,01/10/2023,25/12/2023,Jazmine Mathis,06/01/2024,19/01/2024,Yes,,,,,,,,,ibbbq,,1,
61.15.25.35,aximr,6833,GL50 1XX,3,Blue,Cassius Mullins,29/03/2023,16/07/2023,Alfredo Holmes,28/07/2023,01/08/2023,Yes,,,,,,,,,klglq,,1,
24.22.31.12,ypwkt,370,BA4 6RZ,3,Green,Tate Benjamin,29/03/2023,19/08/2023,Cora Lindsey,30/08/2023,12/09/2023,No,,,,,,,,,tykps,,1,
61.23.36.22,ihuqq,1458,HP22 5XX,3,Green,Kenny Merritt,29/03/2023,20/03/2024,Kenny Merritt,02/04/2024,11/04/2024,No,,,,,,,,,hdeuv,,1,
44.61.13.54,sqdrm,5662,GL4 9BJ,3,Green,Kenny Merritt,01/10/2023,21/10/2023,Brayden Giles,01/11/2023,05/11/2023,No,,,,,,,,,wzspt,,2,
14.11.56.53,dssah,7226,CO5 8RU,3,Green,Jazmine Mathis,01/10/2023,01/03/2024,Jazmine Mathis,09/03/2024,22/03/2024,Yes,,,,,,,,,camlb,,2,
56.26.34.51,jgpml,7473,FY2 9TS,3,Green,Tate Benjamin,29/03/2023,02/02/2024,Marcos Mcpherson,10/02/2024,19/02/2024,No,,,,,,,,,cohfz,,1,
14.15.62.33,xtetd,6266,B45 8LE,3,Blue,Chelsea Huber,01/10/2023,23/10/2023,Chelsea Huber,04/11/2023,12/11/2023,Yes,,,,,,,,,chgfs,,1,
65.66.26.36,xprxm,5824,BR2 8DP,3,Blue,Jazmine Mathis,29/03/2023,17/03/2024,Alfredo Holmes,22/03/2024,05/04/2024,Yes,,,,,,,,,qbelc,,2,
52.66.13.62,fmjqa,6456,G81 5PJ,3,Blue,Cassius Mullins,01/10/2023,21/02/2024,Cassius Mullins,28/02/2024,12/03/2024,No,,,,,,,,,ralnn,,1,
63.23.46.55,cainh,2013,GU5 0XA,3,Blue,Marcos Mcpherson,29/03/2023,05/05/2023,Annabel Beasley,08/05/2023,14/05/2023,No,,,,,,,,,rytlw,,1,
31.23.46.44,vdvuh,6332,B49 6EN,3,Green,Marcos Mcpherson,29/03/2023,28/05/2023,Cora Lindsey,05/06/2023,13/06/2023,Yes,,,,,,,,,xnurx,,1,
35.65.34.55,alqcn,7278,CB3 8BX,3,Blue,Cora Lindsey,29/03/2023,05/07/2023,Tate Benjamin,08/07/2023,22/07/2023,No,,,,,,,,,nogdt,,1,
16.61.13.52,wigab,8153,AB9 6ES,3,Green,Cora Lindsey,29/03/2023,02/09/2023,Cassius Mullins,11/09/2023,12/09/2023,Yes,,,,,,,,,tquag,,1,
16.43.16.25,almse,3241,E17 0WN,3,Blue,Cora Lindsey,29/03/2023,19/06/2023,Cassius Mullins,23/06/2023,30/06/2023,No,,,,,,,,,elrjc,,1,
22.35.32.25,msecl,1145,CH44 8BA,3,Green,Chelsea Huber,29/03/2023,16/05/2023,Tate Benjamin,26/05/2023,01/06/2023,Yes,,,,,,,,,msnvh,,1,
16.43.43.24,ymoem,4344,BS9 2LR,3,Blue,Kenny Merritt,01/10/2023,06/02/2024,Chelsea Huber,13/02/2024,15/02/2024,No,,,,,,,,,sqkvg,,1,
36.24.21.35,huvft,4058,EH7 4BT,3,Blue,Marcos Mcpherson,01/10/2023,26/12/2023,Alfredo Holmes,06/01/2024,12/01/2024,No,,,,,,,,,ytibi,,2,
21.14.33.21,fsaon,1805,DA8 2ET,3,Green,Brayden Giles,01/10/2023,19/12/2023,Cora Lindsey,29/12/2023,09/01/2024,Yes,,,,,,,,,ozszq,,1,
15.33.14.34,jgyfh,453,DN16 3BW,3,Green,Jazmine Mathis,29/03/2023,01/01/2024,Alfredo Holmes,03/01/2024,05/01/2024,Yes,,,,,,,,,kvqdu,,2,
61.33.25.41,hqvqe,6678,AB42 4YH,3,Blue,Jazmine Mathis,29/03/2023,03/07/2023,Marcos Mcpherson,08/07/2023,12/07/2023,Yes,,,,,,,,,qtsrp,,1,
11.12.32.42,ftixw,2708,BS30 5RS,3,Green,Alfredo Holmes,29/03/2023,09/03/2024,Jazmine Mathis,20/03/2024,31/03/2024,No,,,,,,,,,cqcqp,,2,
24.55.42.56,edzdq,1371,CO9 2TY,3,Green,Jazmine Mathis,01/10/2023,09/03/2024,Marcos Mcpherson,23/03/2024,01/04/2024,No,,,,,,,,,saifh,,1,
46.22.13.42,mxcuk,2266,G20 6ET,3,Green,Jazmine Mathis,29/03/2023,27/02/2024,Kenny Merritt,08/03/2024,13/03/2024,No,,,,,,,,,tgzcf,,1,
11.44.24.56,jzfol,5313,DT2 8AD,3,Blue,Marcos Mcpherson,01/10/2023,13/03/2024,Cora Lindsey,17/03/2024,26/03/2024,No,,,,,,,,,gotli,,2,
42.22.16.22,bhtav,6420,EH19 3EJ,3,Blue,Cassius Mullins,01/10/2023,25/10/2023,Kenny Merritt,28/10/2023,11/11/2023,Yes,,,,,,,,,fbzxm,,1,
46.12.63.25,kgfyd,8640,HP19 8UE,3,Green,Chelsea Huber,01/10/2023,25/03/2024,Brayden Giles,28/03/2024,05/04/2024,Yes,,,,,,,,,wlfqu,,2,
45.65.64.63,bqgmk,5506,G51 4JY,3,Blue,Cora Lindsey,29/03/2023,20/04/2023,Annabel Beasley,23/04/2023,02/05/2023,No,,,,,,,,,jjvzi,,1,
25.44.66.66,mpmxf,5824,CF14 2PP,3,Green,Annabel Beasley,29/03/2023,22/08/2023,Kenny Merritt,30/08/2023,01/09/2023,Yes,,,,,,,,,smgim,,1,
15.64.31.16,xsbsy,5051,AB42 6US,3,Green,Kenny Merritt,01/10/2023,06/10/2023,Brayden Giles,13/10/2023,18/10/2023,Yes,,,,,,,,,erhaj,,1,
15.63.66.51,crqwn,544,BA22 7EQ,3,Blue,Marcos Mcpherson,01/10/2023,09/12/2023,Tate Benjamin,13/12/2023,27/12/2023,No,,,,,,,,,sufjs,,1,
62.55.62.53,utzpd,627,CH5 4LY,3,Green,Marcos Mcpherson,29/03/2023,02/10/2023,Jazmine Mathis,03/10/2023,17/10/2023,No,,,,,,,,,utafw,,1,
63.36.62.36,mdlrm,4361,BT41 2LD,3,Blue,Jazmine Mathis,01/10/2023,06/12/2023,Cora Lindsey,12/12/2023,17/12/2023,No,,,,,,,,,umdsk,,1,
53.26.45.42,eakas,8003,AB5 0QQ,3,Green,Chelsea Huber,29/03/2023,01/06/2023,Cora Lindsey,12/06/2023,19/06/2023,No,,,,,,,,,xbsaw,,2,
45.14.41.54,csbbi,7784,B33 3BQ,3,Green,Brayden Giles,29/03/2023,05/12/2023,Brayden Giles,16/12/2023,22/12/2023,Yes,,,,,,,,,fefat,,1,
23.32.35.44,athxt,3585,G34 9QG,3,Green,Tate Benjamin,01/10/2023,14/12/2023,Marcos Mcpherson,28/12/2023,01/01/2024,Yes,,,,,,,,,dczrz,,1,
45.56.45.21,yepxe,1504,BT36 9FN,3,Green,Kenny Merritt,29/03/2023,17/10/2023,Tate Benjamin,21/10/2023,02/11/2023,Yes,,,,,,,,,akpuo,,1,
15.11.61.35,qyrol,5857,CF6 7BW,3,Green,Annabel Beasley,01/10/2023,08/03/2024,Cassius Mullins,09/03/2024,11/03/2024,No,,,,,,,,,ixdiz,,1,
12.65.64.22,tyfcv,303,GL7 6PE,3,Green,Jazmine Mathis,01/10/2023,16/03/2024,Tate Benjamin,,,Yes,,16/03/2024,,,,,,,zhjyx,,1,
31.15.66.12,zfure,4880,CB5 8PF,3,Blue,Marcos Mcpherson,01/10/2023,17/10/2023,Marcos Mcpherson,,,Yes,,17/10/2023,,,,,,,yvhpm,,1,
45.66.25.63,gtpxj,2856,BS12 6UU,3,Blue,Chelsea Huber,01/10/2023,31/01/2024,Kenny Merritt,,,No,,31/01/2024,,,,,,,ojekb,,2,
51.15.24.31,vbmun,2338,CF11 7BJ,3,Green,Brayden Giles,29/03/2023,16/09/2023,Tate Benjamin,,,Yes,,16/09/2023,,,,,,,jupkg,,1,
36.64.54.36,pidom,1326,CF1 2XB,3,Green,Alfredo Holmes,01/10/2023,23/12/2023,Alfredo Holmes,,,Yes,,23/12/2023,,,,,,,rlded,,1,
41.12.14.33,xswas,7002,E8 4UZ,3,Green,Cora Lindsey,29/03/2023,13/06/2023,Alfredo Holmes,,,No,,13/06/2023,,,,,,,oalrh,,1,
55.36.15.31,hebiv,6600,CO15 2AS,3,Blue,Marcos Mcpherson,01/10/2023,06/10/2023,Tate Benjamin,,,Yes,,06/10/2023,,,,,,,aenta,,1,
25.45.21.21,tlkgo,2345,BH18 8HN,3,Blue,Kenny Merritt,01/10/2023,16/12/2023,Cassius Mullins,,,Yes,,16/12/2023,,,,,,,fjoni,,1,
61.53.45.44,nrgox,565,BN6 8XS,3,Green,Tate Benjamin,29/03/2023,10/07/2023,Kenny Merritt,23/07/2023,03/08/2023,Yes,,,,,,,,,nkxmg,,2,
52.25.45.23,gvwis,6106,GU34 3PR,3,Green,Tate Benjamin,29/03/2023,25/06/2023,Cassius Mullins,,,No,,25/06/2023,,,,,,,fyltf,,1,
51.55.64.32,qopux,1332,BA11 6TA,3,Blue,Cora Lindsey,01/10/2023,29/11/2023,Jazmine Mathis,13/12/2023,23/12/2023,Yes,,,,,,,,,kioky,,1,
11.31.51.13,ilmvi,4343,CB4 1WD,3,Green,Cora Lindsey,01/10/2023,28/12/2023,Kenny Merritt,,,Yes,,28/12/2023,,,,,,,nplzz,,2,
35.15.61.44,jqkgq,6151,BD7 4LU,3,Green,Annabel Beasley,01/10/2023,31/10/2023,Annabel Beasley,,,Yes,,31/10/2023,,,,,,,zfxtr,,2,
36.56.44.52,jczzu,5757,AB34 4UN,3,Green,Annabel Beasley,01/10/2023,12/01/2024,Cassius Mullins,,,Yes,,12/01/2024,,,,,,,nxlag,,1,
12.14.33.46,fkzjd,8543,CF8 8QH,3,Blue,Kenny Merritt,29/03/2023,27/09/2023,Jazmine Mathis,,,No,,27/09/2023,,,,,,,bqzgm,,1,
34.51.44.24,fmizq,1763,DD3 7DU,3,Blue,Tate Benjamin,01/10/2023,08/11/2023,Tate Benjamin,16/11/2023,18/11/2023,Yes,,,,,,,,,bnnmz,,1,
16.26.13.25,dgjoy,7737,BT19 7RJ,3,Green,Cora Lindsey,01/10/2023,05/10/2023,Alfredo Holmes,,,Yes,,05/10/2023,,,,,,,xfsmw,,2,
62.43.34.64,cncaz,5510,DL14 8EJ,3,Green,Marcos Mcpherson,01/10/2023,05/10/2023,Cora Lindsey,,,Yes,,05/10/2023,,,,,,,voelb,,1,
66.53.26.25,cytxo,2037,DN4 0BL,3,Green,Brayden Giles,01/10/2023,13/12/2023,Kenny Merritt,,,No,,13/12/2023,,,,,,,ykedp,,1,
63.45.23.44,grfma,6282,CV12 9QR,3,Blue,Alfredo Holmes,01/10/2023,13/02/2024,Tate Benjamin,16/02/2024,01/03/2024,No,,,,,,,,,qorqr,,1,
56.55.53.33,vsrls,1825,AB12 3YE,3,Blue,Cassius Mullins,01/10/2023,17/02/2024,Annabel Beasley,22/02/2024,29/02/2024,No,,,,,,,,,capfd,,2,
63.45.23.34,kqeqw,621,B98 0TL,3,Green,Marcos Mcpherson,29/03/2023,20/07/2023,Alfredo Holmes,03/08/2023,15/08/2023,Yes,,,,,,,,,nxlhw,,1,
52.21.66.11,qnfju,7651,EX7 7BB,3,Blue,Jazmine Mathis,01/10/2023,21/03/2024,Chelsea Huber,,,Yes,,21/03/2024,,,,,,,zfzow,,1,
23.65.26.25,jnvuy,340,AB16 9DE,3,Green,Tate Benjamin,01/10/2023,10/10/2023,Cassius Mullins,,,No,,10/10/2023,,,,,,,dzgvf,,2,
63.56.13.63,renyp,3218,B90 9EU,3,Blue,Cassius Mullins,29/03/2023,29/01/2024,Tate Benjamin,,,No,,29/01/2024,,,,,,,vafbj,,2,
45.12.21.42,thhph,5308,CH41 8AL,3,Blue,Cassius Mullins,29/03/2023,24/03/2024,Kenny Merritt,,,Yes,,24/03/2024,,,,,,,gybnw,,2,
25.44.55.56,yrnji,1332,CF14 2FX,3,Green,Chelsea Huber,01/10/2023,28/01/2024,Annabel Beasley,,,Yes,,28/01/2024,,,,,,,msuwf,,1,
