Project number,Lot,Supplier,Deliverable,MGR BE Number,Location,Resource,Contractors Name,CW,Work Description (e.g. Roof Works),Year,Date Received,Date Reviewed,Duration between receipt/review,Status (Authorised or Rejected with amendments Req),Has been authorised eventually?,Invoiced to MGR?,Comments,Work Stream
93683556,4,KR Analytics Ltd,MARS Review,55.42.45.53,GU16 6JY,Kenny Merritt,Aboard Service Ltd,No,Vent Repairs,3,2023-04-13,2023-04-17,"4 days, 0:00:00",Rejected,No,No,bdgox,WS1
62631786,4,KR Analytics Ltd,MARS Review,45.35.55.56,CT1 3BG,Tate Benjamin,Arc Ltd,No,Heating Installations,3,2024-03-22,2024-03-23,"1 day, 0:00:00",Rejected,No,No,qrdxq,WS3
77676254,1,KR Analytics Ltd,MARS Review,23.35.25.46,CO7 0QT,Cora Lindsey,German Ltd,Yes,Other Repairs,3,2023-06-02,2023-06-11,"9 days, 0:00:00",Rejected,No,No,xyvtg,WS3
05994514,3,KR Analytics Ltd,MARS Review,23.26.31.22,BT71 6EX,Brayden Giles,Caledonian Ltd,Yes,Asbestos Survey,3,2024-02-24,2024-03-02,"7 days, 0:00:00",Rejected,No,No,nofui,WS3
72443705,3,KR Analytics Ltd,MARS Review,11.15.12.46,DA1 2RZ,Cora Lindsey,Elixir Ltd,No,Heating Installations,3,2024-03-13,2024-03-19,"6 days, 0:00:00",Rejected,Yes,No,pkgat,WS1
72627164,1,KR Analytics Ltd,MARS Review,51.26.16.16,FK15 0BJ,Tate Benjamin,Epiphany Ltd,Yes,Heating Installations,3,2023-07-16,2023-07-17,"1 day, 0:00:00",Rejected,No,No,efxga,WS3
81297224,2,KR Analytics Ltd,MARS Review,46.42.11.14,B97 9LW,Cora Lindsey,MEKOS Ltd,Yes,Heating Installations,3,2023-12-26,2023-12-28,"2 days, 0:00:00",Rejected,No,No,rzxuq,WS3
73183587,1,KR Analytics Ltd,MARS Review,31.42.33.22,GL14 1JN,Annabel Beasley,Elixir Ltd,No,Bird Netting Repair,3,2023-09-23,2023-10-05,"12 days, 0:00:00",Authorised,N/A,Yes,rvypa,WS3
30847445,1,KR Analytics Ltd,MARS Review,14.22.23.55,BH24 3JA,Alfredo Holmes,DASDA Ltd,No,Heating Installations,3,2023-10-01,2023-10-03,"2 days, 0:00:00",Authorised,N/A,Yes,dcpha,WS1
31814691,3,KR Analytics Ltd,MARS Review,21.55.33.11,BN24 5HE,Tate Benjamin,Arc Ltd,No,Bird Netting Repair,3,2023-12-26,2024-01-06,"11 days, 0:00:00",Rejected,Yes,No,qpzoz,WS1
56905708,0,KR Analytics Ltd,MARS Review,25.21.15.45,BL2 2HG,Annabel Beasley,Aboard Service Ltd,Yes,General Inspection,3,2023-05-21,2023-05-24,"3 days, 0:00:00",Authorised,N/A,Yes,pejrr,WS3
18232256,2,KR Analytics Ltd,MARS Review,64.45.62.56,BN15 8BJ,Chelsea Huber,German Ltd,Yes,Roof repair,3,2024-01-27,2024-02-10,"14 days, 0:00:00",Authorised,N/A,Yes,zsapa,WS3
11250380,4,KR Analytics Ltd,MARS Review,64.15.41.55,GL15 5EH,Brayden Giles,Arc Ltd,No,Heating Installations,3,2023-05-25,2023-05-31,"6 days, 0:00:00",Rejected,No,No,gkcyo,WS3
90335209,2,KR Analytics Ltd,MARS Review,64.51.15.44,DA12 5BQ,Kenny Merritt,DASDA Ltd,Yes,Asbestos Survey,3,2023-09-10,2023-09-18,"8 days, 0:00:00",Authorised,N/A,Yes,gdgpq,WS1
50896119,3,KR Analytics Ltd,MARS Review,64.61.45.15,CV3 4HY,Jazmine Mathis,MEKOS Ltd,Yes,Vent Repairs,3,2023-11-02,2023-11-03,"1 day, 0:00:00",Authorised,N/A,Yes,yooev,WS1
45982291,3,KR Analytics Ltd,MARS Review,63.21.54.15,BT21 0AA,Tate Benjamin,Arc Ltd,No,Heating Installations,3,2024-01-17,2024-01-22,"5 days, 0:00:00",Authorised,N/A,Yes,mzher,WS3
46640241,0,KR Analytics Ltd,MARS Review,11.22.36.62,DT4 8QL,Brayden Giles,German Ltd,No,Vent Repairs,3,2023-06-08,2023-06-18,"10 days, 0:00:00",Authorised,N/A,Yes,nxrtd,WS1
26650005,1,KR Analytics Ltd,MARS Review,35.14.46.55,GU7 2DA,Tate Benjamin,Centurion Ltd,Yes,Vent Repairs,3,2023-08-08,2023-08-18,"10 days, 0:00:00",Authorised,N/A,Yes,bdzap,WS3
76850705,0,KR Analytics Ltd,MARS Review,26.54.52.64,CM4 0WL,Cora Lindsey,DASDA Ltd,No,Roof repair,3,2023-10-29,2023-11-05,"7 days, 0:00:00",Rejected,No,No,gjfwr,WS3
69778464,3,KR Analytics Ltd,MARS Review,24.63.16.14,G67 9AN,Kenny Merritt,Aboard Service Ltd,Yes,Vent Repairs,3,2023-05-28,2023-06-11,"14 days, 0:00:00",Rejected,Yes,No,nices,WS1
60026074,0,KR Analytics Ltd,MARS Review,22.36.34.45,BS48 4NL,Kenny Merritt,Elixir Ltd,No,Air Conditioning Installations,3,2023-05-25,2023-05-26,"1 day, 0:00:00",Rejected,Yes,No,sxwny,WS3
28718718,2,KR Analytics Ltd,MARS Review,31.44.43.41,HD4 7DQ,Kenny Merritt,Elixir Ltd,Yes,Asbestos Survey,3,2023-06-21,2023-07-05,"14 days, 0:00:00",Rejected,No,No,yfmpj,WS1
77512961,2,KR Analytics Ltd,MARS Review,45.35.42.26,BA22 8BR,Jazmine Mathis,Aboard Service Ltd,Yes,Other Repairs,3,2023-12-25,2024-01-02,"8 days, 0:00:00",Authorised,N/A,Yes,uoiqq,WS3
04069608,2,KR Analytics Ltd,MARS Review,61.32.45.16,HP11 2PP,Brayden Giles,Arc Ltd,Yes,Other Repairs,3,2023-04-08,2023-04-10,"2 days, 0:00:00",Authorised,N/A,Yes,cxvbf,WS1
09103694,1,KR Analytics Ltd,MARS Review,33.26.11.24,BS31 2RG,Brayden Giles,Centurion Ltd,No,Bird Netting Repair,3,2023-06-28,2023-07-10,"12 days, 0:00:00",Rejected,Yes,No,aapki,WS3
10712785,3,KR Analytics Ltd,MARS Review,62.21.64.66,DA11 0JS,Marcos Mcpherson,German Ltd,No,Vent Repairs,3,2023-09-06,2023-09-10,"4 days, 0:00:00",Rejected,Yes,No,mtxez,WS3
77986409,0,KR Analytics Ltd,MARS Review,43.42.62.61,DH9 9AW,Cora Lindsey,MEKOS Ltd,Yes,Other Repairs,3,2023-10-23,2023-10-31,"8 days, 0:00:00",Rejected,Yes,No,gzemf,WS3
17971429,1,KR Analytics Ltd,MARS Review,55.56.51.42,DA16 2HJ,Jazmine Mathis,Epiphany Ltd,No,Fall Protection Inspection,3,2024-02-04,2024-02-07,"3 days, 0:00:00",Rejected,No,No,trueb,WS1
58279546,0,KR Analytics Ltd,MARS Review,42.45.26.63,BT22 2FX,Alfredo Holmes,Elixir Ltd,Yes,Bird Netting Repair,3,2024-02-17,2024-02-18,"1 day, 0:00:00",Authorised,N/A,Yes,fhppr,WS1
06918170,1,KR Analytics Ltd,MARS Review,52.66.15.24,G3 8HF,Alfredo Holmes,Arc Ltd,No,Roof repair,3,2023-05-03,2023-05-16,"13 days, 0:00:00",Authorised,N/A,Yes,roabx,WS1
35710247,2,KR Analytics Ltd,MARS Review,23.31.33.63,G63 9EA,Alfredo Holmes,Centurion Ltd,Yes,General Inspection,3,2023-10-20,2023-10-27,"7 days, 0:00:00",Rejected,No,No,sfgki,WS1
51591630,3,KR Analytics Ltd,MARS Review,54.52.23.64,BN4 5BD,Cassius Mullins,Epiphany Ltd,No,General Inspection,3,2023-05-27,2023-06-03,"7 days, 0:00:00",Authorised,N/A,Yes,iwtuc,WS1
56541216,3,KR Analytics Ltd,MARS Review,21.54.54.64,BB7 4DZ,Annabel Beasley,Epiphany Ltd,No,Vent Repairs,3,2024-02-13,2024-02-15,"2 days, 0:00:00",Rejected,No,No,ncasl,WS3
03669829,1,KR Analytics Ltd,MARS Review,15.22.16.63,EX22 6AP,Annabel Beasley,Centurion Ltd,Yes,Other Repairs,3,2023-08-20,2023-09-03,"14 days, 0:00:00",Authorised,N/A,Yes,alpuk,WS1
80769944,3,KR Analytics Ltd,MARS Review,13.13.33.25,EC2N 4AJ,Alfredo Holmes,Elixir Ltd,No,Heating Installations,3,2023-06-26,2023-06-30,"4 days, 0:00:00",Authorised,N/A,Yes,xjvgn,WS1
11509538,3,KR Analytics Ltd,MARS Review,43.31.62.16,EX38 8DW,Alfredo Holmes,Epiphany Ltd,No,Heating Installations,3,2024-01-01,2024-01-12,"11 days, 0:00:00",Rejected,Yes,No,cwkkb,WS1
39739117,3,KR Analytics Ltd,MARS Review,23.63.31.13,BH6 3WG,Alfredo Holmes,DASDA Ltd,No,Vent Repairs,3,2023-12-01,2023-12-06,"5 days, 0:00:00",Authorised,N/A,Yes,cajnl,WS3
41782929,0,KR Analytics Ltd,MARS Review,25.15.12.24,BA6 8RB,Cora Lindsey,Arc Ltd,No,Fall Protection Inspection,3,2023-04-16,2023-04-27,"11 days, 0:00:00",Rejected,No,No,fieku,WS1
43194963,4,KR Analytics Ltd,MARS Review,61.31.52.32,BN26 6QE,Alfredo Holmes,Elixir Ltd,No,Roof repair,3,2023-12-16,2023-12-17,"1 day, 0:00:00",Rejected,Yes,No,usart,WS1
43460314,4,KR Analytics Ltd,MARS Review,24.15.43.31,DE7 2QP,Kenny Merritt,DASDA Ltd,Yes,Fall Protection Inspection,3,2023-12-19,2023-12-28,"9 days, 0:00:00",Rejected,No,No,slmkh,WS3
12459204,0,KR Analytics Ltd,MARS Review,51.66.41.15,HA3 6BD,Annabel Beasley,Arc Ltd,No,Asbestos Survey,3,2023-04-17,2023-04-30,"13 days, 0:00:00",Rejected,No,No,uyorj,WS1
83629951,1,KR Analytics Ltd,MARS Review,15.65.22.32,AB4 0UU,Marcos Mcpherson,DASDA Ltd,Yes,Fall Protection Inspection,3,2024-02-14,2024-02-28,"14 days, 0:00:00",Authorised,N/A,Yes,zkrsw,WS1
35081734,1,KR Analytics Ltd,MARS Review,15.66.36.24,EX6 8RP,Tate Benjamin,German Ltd,No,Bird Netting Repair,3,2024-03-09,2024-03-19,"10 days, 0:00:00",Authorised,N/A,Yes,cplyi,WS1
99321310,1,KR Analytics Ltd,MARS Review,26.66.42.11,DT6 3RF,Cassius Mullins,Aboard Service Ltd,Yes,Heating Installations,3,2023-11-08,2023-11-12,"4 days, 0:00:00",Authorised,N/A,Yes,zgehd,WS1
78987731,1,KR Analytics Ltd,MARS Review,45.66.14.64,CF11 9DW,Kenny Merritt,Centurion Ltd,Yes,Fall Protection Inspection,3,2023-10-11,2023-10-18,"7 days, 0:00:00",Authorised,N/A,Yes,xmhfg,WS3
19758935,1,KR Analytics Ltd,MARS Review,46.33.62.64,HA2 0YQ,Chelsea Huber,Centurion Ltd,Yes,Heating Installations,3,2023-08-05,2023-08-07,"2 days, 0:00:00",Rejected,Yes,No,drfir,WS1
28340067,0,KR Analytics Ltd,MARS Review,53.14.15.41,B62 8SH,Tate Benjamin,Epiphany Ltd,No,Vent Repairs,3,2023-06-20,2023-06-29,"9 days, 0:00:00",Authorised,N/A,Yes,ksmns,WS1
51501024,3,KR Analytics Ltd,MARS Review,45.64.32.41,DG1 1EF,Tate Benjamin,German Ltd,No,Bird Netting Repair,3,2023-08-12,2023-08-26,"14 days, 0:00:00",Rejected,Yes,No,weofc,WS3
33447883,0,KR Analytics Ltd,MARS Review,34.55.45.53,DH3 2HF,Chelsea Huber,Elixir Ltd,No,Other Repairs,3,2023-11-08,2023-11-20,"12 days, 0:00:00",Rejected,Yes,No,gwmrr,WS3
15204481,4,KR Analytics Ltd,MARS Review,53.63.35.34,DY14 9WU,Cora Lindsey,Aboard Service Ltd,No,Other Repairs,3,2023-07-04,2023-07-13,"9 days, 0:00:00",Rejected,No,No,ibpcs,WS1
05160537,3,KR Analytics Ltd,MARS Review,61.56.46.45,DN20 0BW,Brayden Giles,DASDA Ltd,No,Air Conditioning Installations,3,2023-09-21,2023-09-23,"2 days, 0:00:00",Rejected,Yes,No,oxnje,WS3
95944275,1,KR Analytics Ltd,MARS Review,24.41.36.32,GU31 4NA,Chelsea Huber,Aboard Service Ltd,Yes,Vent Repairs,3,2024-02-04,2024-02-15,"11 days, 0:00:00",Authorised,N/A,Yes,dwbtx,WS1
72699739,2,KR Analytics Ltd,MARS Review,13.22.15.41,HR2 6QJ,Tate Benjamin,DASDA Ltd,No,Roof repair,3,2023-11-21,2023-11-27,"6 days, 0:00:00",Authorised,N/A,Yes,qwagc,WS3
06067861,2,KR Analytics Ltd,MARS Review,52.63.55.43,GL50 9RY,Cora Lindsey,Aboard Service Ltd,No,Asbestos Survey,3,2023-05-30,2023-06-08,"9 days, 0:00:00",Rejected,Yes,No,tnnxk,WS1
86672301,1,KR Analytics Ltd,MARS Review,41.63.13.31,BS34 5PF,Marcos Mcpherson,Epiphany Ltd,Yes,Asbestos Survey,3,2023-11-15,2023-11-24,"9 days, 0:00:00",Rejected,Yes,No,lafvd,WS1
58047852,3,KR Analytics Ltd,MARS Review,12.56.13.56,GL52 6LR,Chelsea Huber,DASDA Ltd,Yes,Fall Protection Inspection,3,2023-05-15,2023-05-22,"7 days, 0:00:00",Rejected,No,No,zwiom,WS1
23257148,0,KR Analytics Ltd,MARS Review,64.23.23.52,BL8 3BE,Alfredo Holmes,Arc Ltd,Yes,Bird Netting Repair,3,2023-04-14,2023-04-28,"14 days, 0:00:00",Rejected,No,No,wpjpo,WS3
01303467,3,KR Analytics Ltd,MARS Review,42.15.12.56,DL15 9UA,Kenny Merritt,Arc Ltd,No,Vent Repairs,3,2023-10-30,2023-11-08,"9 days, 0:00:00",Rejected,No,No,chryq,WS3
90959966,4,KR Analytics Ltd,MARS Review,56.23.56.34,DN22 8LG,Cassius Mullins,DASDA Ltd,Yes,Vent Repairs,3,2023-08-24,2023-09-06,"13 days, 0:00:00",Authorised,N/A,Yes,jlpnf,WS1
93212227,1,KR Analytics Ltd,MARS Review,41.54.24.12,GU22 9BT,Brayden Giles,Caledonian Ltd,No,Vent Repairs,3,2023-11-07,2023-11-08,"1 day, 0:00:00",Rejected,Yes,No,xgnkh,WS3
61699820,4,KR Analytics Ltd,MARS Review,14.12.62.13,BT47 2UE,Cora Lindsey,DASDA Ltd,No,Heating Installations,3,2023-06-14,2023-06-17,"3 days, 0:00:00",Authorised,N/A,Yes,hmros,WS1
34399336,3,KR Analytics Ltd,MARS Review,26.23.13.54,AB24 3ET,Annabel Beasley,Epiphany Ltd,No,Vent Repairs,3,2024-01-02,2024-01-08,"6 days, 0:00:00",Authorised,N/A,Yes,ytefi,WS1
04075277,2,KR Analytics Ltd,MARS Review,32.46.21.11,BA20 1DD,Cora Lindsey,Centurion Ltd,No,Heating Installations,3,2023-12-30,2024-01-09,"10 days, 0:00:00",Rejected,Yes,No,phmgz,WS1
57691893,2,KR Analytics Ltd,MARS Review,32.15.12.41,EH11 1TH,Jazmine Mathis,Arc Ltd,Yes,Other Repairs,3,2023-06-12,2023-06-13,"1 day, 0:00:00",Rejected,Yes,No,dfoge,WS3
20093836,3,KR Analytics Ltd,MARS Review,63.15.14.12,DT2 9LY,Jazmine Mathis,Epiphany Ltd,No,Bird Netting Repair,3,2023-08-21,2023-08-25,"4 days, 0:00:00",Rejected,Yes,No,hsrbu,WS3
89965126,4,KR Analytics Ltd,MARS Review,62.13.25.66,BD23 5ED,Jazmine Mathis,German Ltd,Yes,Asbestos Survey,3,2024-03-10,2024-03-16,"6 days, 0:00:00",Rejected,No,No,jswkw,WS3
03639719,3,KR Analytics Ltd,MARS Review,41.32.61.54,G69 7FD,Brayden Giles,Aboard Service Ltd,Yes,General Inspection,3,2023-08-04,2023-08-16,"12 days, 0:00:00",Rejected,No,No,kbdqx,WS1
79480465,4,KR Analytics Ltd,MARS Review,16.32.61.46,EH4 1SR,Brayden Giles,Aboard Service Ltd,Yes,Air Conditioning Installations,3,2023-09-15,2023-09-19,"4 days, 0:00:00",Rejected,No,No,wvfql,WS1
56001027,2,KR Analytics Ltd,MARS Review,62.31.52.46,AB2 7YR,Alfredo Holmes,Epiphany Ltd,No,Asbestos Survey,3,2023-06-25,2023-06-26,"1 day, 0:00:00",Rejected,No,No,mtcbo,WS1
82630267,4,KR Analytics Ltd,MARS Review,45.45.53.24,BA12 6ND,Tate Benjamin,Arc Ltd,Yes,Bird Netting Repair,3,2023-12-12,2023-12-21,"9 days, 0:00:00",Rejected,Yes,No,vklbo,WS3
74357042,3,KR Analytics Ltd,MARS Review,65.52.62.62,BN22 0SY,Cassius Mullins,Arc Ltd,No,Asbestos Survey,3,2023-05-14,2023-05-21,"7 days, 0:00:00",Rejected,Yes,No,wcczu,WS1
73845817,3,KR Analytics Ltd,MARS Review,62.63.33.22,DY5 4LH,Kenny Merritt,Epiphany Ltd,No,Roof repair,3,2024-01-03,2024-01-09,"6 days, 0:00:00",Rejected,No,No,upuwf,WS3
05215195,3,KR Analytics Ltd,MARS Review,34.64.15.55,CT11 0EE,Annabel Beasley,Elixir Ltd,No,Vent Repairs,3,2023-07-10,2023-07-20,"10 days, 0:00:00",Authorised,N/A,Yes,khuaz,WS3
89394066,0,KR Analytics Ltd,MARS Review,43.52.62.12,EH52 6LF,Marcos Mcpherson,DASDA Ltd,No,Bird Netting Repair,3,2023-03-31,2023-04-14,"14 days, 0:00:00",Authorised,N/A,Yes,qactw,WS1
69049069,1,KR Analytics Ltd,MARS Review,66.43.64.32,BT44 0NF,Brayden Giles,Aboard Service Ltd,No,Vent Repairs,3,2024-01-29,2024-02-10,"12 days, 0:00:00",Rejected,Yes,No,sitnk,WS1
68643022,0,KR Analytics Ltd,MARS Review,26.15.61.15,CA4 8BD,Marcos Mcpherson,MEKOS Ltd,No,General Inspection,3,2023-05-08,2023-05-11,"3 days, 0:00:00",Authorised,N/A,Yes,nhfom,WS3
70202111,1,KR Analytics Ltd,MARS Review,65.22.22.61,EN9 2DB,Chelsea Huber,Centurion Ltd,Yes,Bird Netting Repair,3,2023-08-14,2023-08-22,"8 days, 0:00:00",Authorised,N/A,Yes,yooyo,WS3
76329295,1,KR Analytics Ltd,MARS Review,33.31.46.55,EH12 5TF,Tate Benjamin,Elixir Ltd,No,Other Repairs,3,2023-10-14,2023-10-24,"10 days, 0:00:00",Rejected,Yes,No,qxemd,WS3
54946079,0,KR Analytics Ltd,MARS Review,53.46.21.11,EH11 4GJ,Jazmine Mathis,MEKOS Ltd,No,Vent Repairs,3,2023-08-21,2023-09-02,"12 days, 0:00:00",Rejected,No,No,zbjvd,WS3
18627385,3,KR Analytics Ltd,MARS Review,46.24.32.23,EN8 9DN,Chelsea Huber,Aboard Service Ltd,No,Roof repair,3,2023-05-26,2023-06-06,"11 days, 0:00:00",Rejected,No,No,ccivo,WS1
46350962,4,KR Analytics Ltd,MARS Review,24.12.46.43,HA5 5DB,Cassius Mullins,Arc Ltd,Yes,Air Conditioning Installations,3,2023-10-13,2023-10-24,"11 days, 0:00:00",Authorised,N/A,Yes,rupzz,WS3
51016835,2,KR Analytics Ltd,MARS Review,34.54.51.14,DA8 1ER,Cassius Mullins,Centurion Ltd,No,Vent Repairs,3,2023-09-02,2023-09-08,"6 days, 0:00:00",Authorised,N/A,Yes,ipmph,WS1
36986241,3,KR Analytics Ltd,MARS Review,12.14.61.26,BT33 0BG,Chelsea Huber,Epiphany Ltd,No,Other Repairs,3,2023-12-09,2023-12-12,"3 days, 0:00:00",Rejected,No,No,yurnf,WS3
43330250,4,KR Analytics Ltd,MARS Review,34.11.42.15,DG9 7LP,Cassius Mullins,DASDA Ltd,Yes,Vent Repairs,3,2024-02-29,2024-03-07,"7 days, 0:00:00",Authorised,N/A,Yes,breru,WS3
24127184,4,KR Analytics Ltd,MARS Review,45.54.65.51,BD4 0AX,Jazmine Mathis,MEKOS Ltd,No,Air Conditioning Installations,3,2024-02-13,2024-02-25,"12 days, 0:00:00",Rejected,Yes,No,wvstq,WS3
47561578,4,KR Analytics Ltd,MARS Review,66.44.64.56,GL3 3QN,Chelsea Huber,Elixir Ltd,No,Heating Installations,3,2023-12-22,2024-01-03,"12 days, 0:00:00",Authorised,N/A,Yes,lkvbh,WS1
59282577,4,KR Analytics Ltd,MARS Review,31.35.54.41,BL6 7UA,Marcos Mcpherson,MEKOS Ltd,No,Heating Installations,3,2024-03-10,2024-03-16,"6 days, 0:00:00",Authorised,N/A,Yes,hlowi,WS1
96487282,0,KR Analytics Ltd,MARS Review,62.66.56.21,EH9 3FL,Marcos Mcpherson,German Ltd,No,Vent Repairs,3,2024-01-27,2024-01-30,"3 days, 0:00:00",Rejected,Yes,No,fsglr,WS3
72648974,2,KR Analytics Ltd,MARS Review,16.14.21.54,GU1 2GJ,Kenny Merritt,German Ltd,No,Asbestos Survey,3,2023-07-19,2023-07-22,"3 days, 0:00:00",Authorised,N/A,Yes,fjunq,WS3
43772089,0,KR Analytics Ltd,MARS Review,45.54.65.51,BD23 9FJ,Chelsea Huber,Centurion Ltd,Yes,Heating Installations,3,2023-05-15,2023-05-19,"4 days, 0:00:00",Authorised,N/A,Yes,lbbqn,WS1
43438802,3,KR Analytics Ltd,MARS Review,43.65.12.55,BB1 3NA,Chelsea Huber,MEKOS Ltd,No,Air Conditioning Installations,3,2023-11-12,2023-11-25,"13 days, 0:00:00",Rejected,Yes,No,ojoag,WS3
15970347,0,KR Analytics Ltd,MARS Review,61.24.61.32,B93 9NH,Alfredo Holmes,Centurion Ltd,No,Asbestos Survey,3,2023-12-13,2023-12-27,"14 days, 0:00:00",Authorised,N/A,Yes,eanax,WS3
60886163,3,KR Analytics Ltd,MARS Review,21.23.43.22,CM1 4RZ,Annabel Beasley,Epiphany Ltd,No,Asbestos Survey,3,2024-03-06,2024-03-13,"7 days, 0:00:00",Rejected,No,No,vgrgk,WS3
86872239,2,KR Analytics Ltd,MARS Review,32.21.46.25,B42 2HY,Cora Lindsey,Arc Ltd,No,Asbestos Survey,3,2023-06-17,2023-06-26,"9 days, 0:00:00",Authorised,N/A,Yes,cdkii,WS1
99627280,4,KR Analytics Ltd,MARS Review,52.53.42.11,BN13 3QG,Alfredo Holmes,Caledonian Ltd,Yes,General Inspection,3,2024-03-11,2024-03-12,"1 day, 0:00:00",Rejected,No,No,lnbje,WS3
98192902,2,KR Analytics Ltd,MARS Review,43.33.51.52,BA7 7AP,Marcos Mcpherson,DASDA Ltd,No,Bird Netting Repair,3,2024-03-14,2024-03-27,"13 days, 0:00:00",Authorised,N/A,Yes,ftprs,WS1
01500108,4,KR Analytics Ltd,MARS Review,45.41.11.46,E17 8TR,Alfredo Holmes,MEKOS Ltd,Yes,Bird Netting Repair,3,2023-04-26,2023-04-30,"4 days, 0:00:00",Authorised,N/A,Yes,jzyeb,WS1
59592588,4,KR Analytics Ltd,MARS Review,24.53.43.52,E1 1EY,Annabel Beasley,Aboard Service Ltd,No,General Inspection,3,2023-05-22,2023-05-29,"7 days, 0:00:00",Rejected,No,No,yqnby,WS1
79310233,2,KR Analytics Ltd,MARS Review,53.36.16.43,BN20 0JD,Alfredo Holmes,Centurion Ltd,No,Vent Repairs,3,2023-11-19,2023-12-02,"13 days, 0:00:00",Rejected,No,No,nfeju,WS3
48320265,4,KR Analytics Ltd,MARS Review,41.65.12.14,FY5 4DZ,Annabel Beasley,Caledonian Ltd,Yes,Fall Protection Inspection,3,2023-12-03,2023-12-07,"4 days, 0:00:00",Authorised,N/A,Yes,beosy,WS1
21164718,2,KR Analytics Ltd,MARS Review,31.26.46.24,BT92 0PX,Kenny Merritt,Caledonian Ltd,Yes,General Inspection,3,2024-01-28,2024-02-01,"4 days, 0:00:00",Authorised,N/A,Yes,pkvex,WS1
68223987,1,KR Analytics Ltd,MARS Review,56.65.26.54,HA1 2PR,Cassius Mullins,DASDA Ltd,No,Bird Netting Repair,3,2023-07-01,2023-07-12,"11 days, 0:00:00",Authorised,N/A,Yes,tbhfq,WS1
05882509,3,KR Analytics Ltd,MARS Review,21.44.23.41,AB10 1QH,Cassius Mullins,Arc Ltd,Yes,Fall Protection Inspection,3,2023-04-20,2023-05-01,"11 days, 0:00:00",Rejected,Yes,No,cjwuo,WS1
55485573,0,KR Analytics Ltd,MARS Review,31.55.33.63,B24 8QW,Annabel Beasley,Elixir Ltd,No,Asbestos Survey,3,2023-10-21,2023-10-28,"7 days, 0:00:00",Authorised,N/A,Yes,zsgag,WS1
46647783,3,KR Analytics Ltd,MARS Review,64.44.53.36,AB1 4RA,Cora Lindsey,German Ltd,No,Vent Repairs,3,2023-04-03,2023-04-13,"10 days, 0:00:00",Authorised,N/A,Yes,xtigi,WS3
86290457,4,KR Analytics Ltd,MARS Review,26.32.41.11,HA2 8AU,Jazmine Mathis,Caledonian Ltd,Yes,Other Repairs,3,2023-11-06,2023-11-16,"10 days, 0:00:00",Rejected,No,No,ostma,WS3
88878194,4,KR Analytics Ltd,MARS Review,56.23.44.33,CF14 2LJ,Marcos Mcpherson,Aboard Service Ltd,Yes,Fall Protection Inspection,3,2023-05-10,2023-05-18,"8 days, 0:00:00",Authorised,N/A,Yes,aidjv,WS1
96282144,3,KR Analytics Ltd,MARS Review,25.63.64.52,BS23 3AZ,Kenny Merritt,Arc Ltd,No,Heating Installations,3,2023-07-31,2023-08-09,"9 days, 0:00:00",Authorised,N/A,Yes,ldsqs,WS3
32560912,3,KR Analytics Ltd,MARS Review,24.61.61.42,FY6 8HU,Annabel Beasley,Aboard Service Ltd,No,General Inspection,3,2023-07-12,2023-07-18,"6 days, 0:00:00",Authorised,N/A,Yes,cqhkk,WS1
33415617,1,KR Analytics Ltd,MARS Review,46.35.64.64,FY1 4BF,Cora Lindsey,Epiphany Ltd,Yes,Air Conditioning Installations,3,2023-05-17,2023-05-25,"8 days, 0:00:00",Authorised,N/A,Yes,dgqxd,WS1
13730107,4,KR Analytics Ltd,MARS Review,43.25.31.36,G78 3DN,Marcos Mcpherson,DASDA Ltd,No,Fall Protection Inspection,3,2023-07-03,2023-07-14,"11 days, 0:00:00",Authorised,N/A,Yes,fdukq,WS3
47123594,0,KR Analytics Ltd,MARS Review,64.33.15.25,BH2 6ZL,Tate Benjamin,German Ltd,No,Fall Protection Inspection,3,2023-05-17,2023-05-26,"9 days, 0:00:00",Authorised,N/A,Yes,wduov,WS3
12681649,4,KR Analytics Ltd,MARS Review,14.45.44.22,EH11 1DJ,Cassius Mullins,Caledonian Ltd,Yes,Roof repair,3,2023-06-29,2023-07-11,"12 days, 0:00:00",Rejected,No,No,frddf,WS1
69844104,2,KR Analytics Ltd,MARS Review,25.34.42.31,DN14 7UX,Brayden Giles,DASDA Ltd,No,Fall Protection Inspection,3,2023-08-26,2023-09-07,"12 days, 0:00:00",Rejected,Yes,No,kgvqr,WS1
12598938,1,KR Analytics Ltd,MARS Review,16.42.65.41,BT63 5UJ,Kenny Merritt,Elixir Ltd,No,Fall Protection Inspection,3,2024-03-01,2024-03-03,"2 days, 0:00:00",Rejected,No,No,xlylq,WS1
60746362,2,KR Analytics Ltd,MARS Review,64.43.14.44,BS23 2RE,Cora Lindsey,Caledonian Ltd,Yes,Vent Repairs,3,2023-06-25,2023-07-09,"14 days, 0:00:00",Rejected,Yes,No,plnyc,WS3
86182468,3,KR Analytics Ltd,MARS Review,52.23.13.26,BN27 1JH,Annabel Beasley,Elixir Ltd,No,Air Conditioning Installations,3,2024-01-19,2024-01-28,"9 days, 0:00:00",Authorised,N/A,Yes,lnyyc,WS1
66392102,0,KR Analytics Ltd,MARS Review,22.15.34.61,CF1 3RY,Jazmine Mathis,Elixir Ltd,Yes,Bird Netting Repair,3,2023-05-16,2023-05-24,"8 days, 0:00:00",Authorised,N/A,Yes,xqcin,WS3
77833143,3,KR Analytics Ltd,MARS Review,11.31.13.12,G51 2AW,Cassius Mullins,Arc Ltd,Yes,Air Conditioning Installations,3,2023-04-01,2023-04-03,"2 days, 0:00:00",Rejected,Yes,No,facoj,WS3
22281034,4,KR Analytics Ltd,MARS Review,54.61.15.55,BT93 5FG,Alfredo Holmes,MEKOS Ltd,No,Asbestos Survey,3,2023-12-05,2023-12-19,"14 days, 0:00:00",Authorised,N/A,Yes,sntmz,WS1
63818020,2,KR Analytics Ltd,MARS Review,36.51.16.42,BT23 8DZ,Marcos Mcpherson,German Ltd,No,Bird Netting Repair,3,2023-05-03,2023-05-16,"13 days, 0:00:00",Rejected,No,No,jjyiz,WS1
47821286,1,KR Analytics Ltd,MARS Review,65.23.23.66,B60 2HR,Alfredo Holmes,Arc Ltd,Yes,Heating Installations,3,2023-11-28,2023-12-02,"4 days, 0:00:00",Rejected,No,No,tscsf,WS3
17288326,1,KR Analytics Ltd,MARS Review,16.54.31.65,AB2 3JY,Annabel Beasley,Aboard Service Ltd,No,Air Conditioning Installations,3,2023-12-04,2023-12-11,"7 days, 0:00:00",Authorised,N/A,Yes,qrtyu,WS1
51037230,4,KR Analytics Ltd,MARS Review,15.44.64.26,AB4 4SQ,Jazmine Mathis,Caledonian Ltd,Yes,Asbestos Survey,3,2023-12-05,2023-12-09,"4 days, 0:00:00",Rejected,Yes,No,aiuqs,WS1
58779544,1,KR Analytics Ltd,MARS Review,21.56.64.61,CW9 7LG,Cora Lindsey,Elixir Ltd,No,Vent Repairs,3,2023-09-11,2023-09-21,"10 days, 0:00:00",Rejected,No,No,yvpjl,WS3
12924173,4,KR Analytics Ltd,MARS Review,41.53.65.13,CM23 3LT,Alfredo Holmes,DASDA Ltd,Yes,Roof repair,3,2023-12-23,2023-12-25,"2 days, 0:00:00",Authorised,N/A,Yes,xnucd,WS1
09318953,0,KR Analytics Ltd,MARS Review,44.34.62.23,DH6 4DL,Kenny Merritt,Elixir Ltd,Yes,Air Conditioning Installations,3,2023-10-01,2023-10-14,"13 days, 0:00:00",Rejected,Yes,No,ftvrv,WS1
34615981,0,KR Analytics Ltd,MARS Review,15.24.33.32,G40 4JA,Tate Benjamin,Centurion Ltd,No,Fall Protection Inspection,3,2023-11-20,2023-11-30,"10 days, 0:00:00",Authorised,N/A,Yes,uuiul,WS3
57315943,4,KR Analytics Ltd,MARS Review,41.13.24.53,EC4R 0ES,Brayden Giles,German Ltd,Yes,Bird Netting Repair,3,2023-07-20,2023-07-30,"10 days, 0:00:00",Rejected,Yes,No,aedha,WS3
36902178,0,KR Analytics Ltd,MARS Review,24.62.23.42,E1 6LB,Jazmine Mathis,DASDA Ltd,No,Fall Protection Inspection,3,2023-08-07,2023-08-12,"5 days, 0:00:00",Authorised,N/A,Yes,vnalz,WS1
92878365,4,KR Analytics Ltd,MARS Review,66.45.14.14,BS3 4AQ,Marcos Mcpherson,Centurion Ltd,Yes,Vent Repairs,3,2023-05-30,2023-06-12,"13 days, 0:00:00",Rejected,No,No,hnqkx,WS1
05216753,1,KR Analytics Ltd,MARS Review,35.16.41.23,G61 2AF,Cora Lindsey,DASDA Ltd,Yes,General Inspection,3,2023-09-14,2023-09-21,"7 days, 0:00:00",Rejected,No,No,utodd,WS1
69785315,1,KR Analytics Ltd,MARS Review,12.65.65.21,B27 6DB,Kenny Merritt,Centurion Ltd,No,Vent Repairs,3,2023-11-10,2023-11-23,"13 days, 0:00:00",Rejected,Yes,No,ttzhx,WS1
35237183,2,KR Analytics Ltd,MARS Review,51.61.24.35,G20 8UB,Marcos Mcpherson,Elixir Ltd,No,Other Repairs,3,2024-02-17,2024-02-26,"9 days, 0:00:00",Rejected,Yes,No,fndke,WS3
72695206,1,KR Analytics Ltd,MARS Review,51.43.35.53,G84 8HR,Cora Lindsey,German Ltd,No,Other Repairs,3,2023-12-28,2024-01-06,"9 days, 0:00:00",Authorised,N/A,Yes,iufex,WS1
17014579,4,KR Analytics Ltd,MARS Review,61.53.53.43,GU21 2EQ,Cassius Mullins,Elixir Ltd,Yes,Roof repair,3,2024-03-03,2024-03-17,"14 days, 0:00:00",Rejected,No,No,xykbt,WS1
42818748,2,KR Analytics Ltd,MARS Review,34.31.54.56,BR3 5UD,Tate Benjamin,Centurion Ltd,Yes,Asbestos Survey,3,2024-01-03,2024-01-15,"12 days, 0:00:00",Rejected,No,No,rfqja,WS1
20827170,2,KR Analytics Ltd,MARS Review,61.12.16.16,EC2P 2XB,Marcos Mcpherson,Epiphany Ltd,No,General Inspection,3,2024-03-10,2024-03-13,"3 days, 0:00:00",Rejected,No,No,hyshw,WS1
11168989,0,KR Analytics Ltd,MARS Review,51.26.45.62,G73 2RA,Kenny Merritt,Aboard Service Ltd,Yes,General Inspection,3,2023-12-20,2023-12-29,"9 days, 0:00:00",Rejected,No,No,jjqoq,WS1
54920529,4,KR Analytics Ltd,MARS Review,11.51.45.32,CM24 8SJ,Alfredo Holmes,Aboard Service Ltd,No,Roof repair,3,2023-04-24,2023-04-30,"6 days, 0:00:00",Authorised,N/A,Yes,koiee,WS1
97286954,2,KR Analytics Ltd,MARS Review,15.23.14.24,BT38 9RS,Jazmine Mathis,Elixir Ltd,Yes,Heating Installations,3,2023-12-24,2024-01-05,"12 days, 0:00:00",Authorised,N/A,Yes,vnqyc,WS1
86490496,3,KR Analytics Ltd,MARS Review,15.46.66.35,G72 7PU,Cora Lindsey,MEKOS Ltd,No,Vent Repairs,3,2023-06-11,2023-06-21,"10 days, 0:00:00",Rejected,No,No,dtaev,WS1
13806192,0,KR Analytics Ltd,MARS Review,34.64.36.66,GU21 2NG,Alfredo Holmes,DASDA Ltd,Yes,Fall Protection Inspection,3,2023-08-21,2023-08-24,"3 days, 0:00:00",Rejected,No,No,gpbvj,WS3
02275396,1,KR Analytics Ltd,MARS Review,35.51.43.33,HD8 8RB,Jazmine Mathis,Arc Ltd,No,Fall Protection Inspection,3,2023-05-13,2023-05-20,"7 days, 0:00:00",Rejected,No,No,kyiyi,WS3
93886799,0,KR Analytics Ltd,MARS Review,43.11.31.22,FK9 5JF,Kenny Merritt,Arc Ltd,Yes,Bird Netting Repair,3,2023-06-07,2023-06-15,"8 days, 0:00:00",Authorised,N/A,Yes,bovgx,WS3
03918601,0,KR Analytics Ltd,MARS Review,15.52.13.13,CB2 4RB,Tate Benjamin,Caledonian Ltd,No,Asbestos Survey,3,2023-06-21,2023-06-25,"4 days, 0:00:00",Rejected,No,No,rcauo,WS1
53592542,3,KR Analytics Ltd,MARS Review,44.43.32.43,BB5 0JS,Chelsea Huber,Epiphany Ltd,No,Air Conditioning Installations,3,2023-10-25,2023-11-07,"13 days, 0:00:00",Rejected,No,No,sbplr,WS3
77711424,3,KR Analytics Ltd,MARS Review,41.52.12.35,BN5 9UE,Jazmine Mathis,Arc Ltd,Yes,Other Repairs,3,2023-04-14,2023-04-22,"8 days, 0:00:00",Authorised,N/A,Yes,cffke,WS1
64048430,0,KR Analytics Ltd,MARS Review,66.33.12.52,BB9 0DU,Brayden Giles,Epiphany Ltd,No,Roof repair,3,2023-12-05,2023-12-16,"11 days, 0:00:00",Authorised,N/A,Yes,sjgnm,WS3
26066868,2,KR Analytics Ltd,MARS Review,25.64.41.51,BL2 1EL,Jazmine Mathis,Epiphany Ltd,Yes,Heating Installations,3,2024-01-30,2024-02-12,"13 days, 0:00:00",Rejected,No,No,khfxx,WS1
71681435,2,KR Analytics Ltd,MARS Review,32.24.24.23,GU7 9SQ,Kenny Merritt,Epiphany Ltd,No,Bird Netting Repair,3,2024-01-27,2024-02-01,"5 days, 0:00:00",Authorised,N/A,Yes,rzhrw,WS1
21853954,4,KR Analytics Ltd,MARS Review,66.12.32.11,CV9 3PZ,Jazmine Mathis,Epiphany Ltd,Yes,Vent Repairs,3,2023-08-14,2023-08-18,"4 days, 0:00:00",Authorised,N/A,Yes,uxany,WS3
98397587,0,KR Analytics Ltd,MARS Review,61.22.44.22,HP15 7LY,Chelsea Huber,DASDA Ltd,No,Heating Installations,3,2023-10-05,2023-10-10,"5 days, 0:00:00",Authorised,N/A,Yes,miydj,WS1
90704591,2,KR Analytics Ltd,MARS Review,63.54.66.51,DL7 7DD,Jazmine Mathis,German Ltd,Yes,Fall Protection Inspection,3,2024-01-08,2024-01-14,"6 days, 0:00:00",Rejected,No,No,xobau,WS3
32106744,0,KR Analytics Ltd,MARS Review,21.31.32.12,BS32 4QY,Chelsea Huber,DASDA Ltd,Yes,Heating Installations,3,2023-12-12,2023-12-26,"14 days, 0:00:00",Rejected,No,No,gtyau,WS3
66863570,3,KR Analytics Ltd,MARS Review,25.34.36.33,CO12 5AA,Jazmine Mathis,DASDA Ltd,No,Fall Protection Inspection,3,2024-02-22,2024-03-05,"12 days, 0:00:00",Authorised,N/A,Yes,fgrdv,WS1
37749109,0,KR Analytics Ltd,MARS Review,34.34.42.21,HA4 0TB,Brayden Giles,Centurion Ltd,Yes,Other Repairs,3,2024-01-03,2024-01-08,"5 days, 0:00:00",Authorised,N/A,Yes,ndwpf,WS1
57160079,2,KR Analytics Ltd,MARS Review,33.36.65.56,BL4 8BP,Annabel Beasley,MEKOS Ltd,No,General Inspection,3,2023-11-20,2023-11-21,"1 day, 0:00:00",Authorised,N/A,Yes,aaxdj,WS3
00235939,1,KR Analytics Ltd,MARS Review,44.43.16.15,GL1 5QN,Brayden Giles,Aboard Service Ltd,No,Asbestos Survey,3,2023-09-29,2023-10-07,"8 days, 0:00:00",Rejected,No,No,mzkav,WS3
33887112,1,KR Analytics Ltd,MARS Review,52.53.15.53,BR3 5AZ,Marcos Mcpherson,Caledonian Ltd,Yes,Fall Protection Inspection,3,2023-09-02,2023-09-13,"11 days, 0:00:00",Authorised,N/A,Yes,dasbc,WS3
50027408,1,KR Analytics Ltd,MARS Review,25.24.63.44,CV32 5ZG,Jazmine Mathis,Caledonian Ltd,No,Other Repairs,3,2023-08-27,2023-09-03,"7 days, 0:00:00",Authorised,N/A,Yes,lsrei,WS3
62884632,2,KR Analytics Ltd,MARS Review,11.62.65.44,CO8 5AL,Cora Lindsey,DASDA Ltd,Yes,Fall Protection Inspection,3,2023-04-10,2023-04-23,"13 days, 0:00:00",Rejected,Yes,No,tunsg,WS3
57293272,0,KR Analytics Ltd,MARS Review,24.45.25.54,FK14 7PH,Marcos Mcpherson,Aboard Service Ltd,No,General Inspection,3,2023-09-04,2023-09-11,"7 days, 0:00:00",Rejected,Yes,No,ujbgr,WS1
36971644,2,KR Analytics Ltd,MARS Review,12.43.63.41,BN15 9AW,Jazmine Mathis,MEKOS Ltd,Yes,Vent Repairs,3,2023-04-01,2023-04-10,"9 days, 0:00:00",Authorised,N/A,Yes,jdogk,WS3
18688358,0,KR Analytics Ltd,MARS Review,46.44.25.62,DA16 2LY,Brayden Giles,Arc Ltd,Yes,Heating Installations,3,2023-08-10,2023-08-13,"3 days, 0:00:00",Rejected,No,No,gbifv,WS1
81676663,1,KR Analytics Ltd,MARS Review,25.53.52.44,CM4 9RG,Alfredo Holmes,German Ltd,No,Vent Repairs,3,2023-09-11,2023-09-14,"3 days, 0:00:00",Rejected,No,No,bkkrn,WS3
07456855,0,KR Analytics Ltd,MARS Review,54.64.55.35,DN33 3LG,Annabel Beasley,Aboard Service Ltd,No,Other Repairs,3,2024-01-12,2024-01-15,"3 days, 0:00:00",Rejected,Yes,No,crmjh,WS3
50877500,4,KR Analytics Ltd,MARS Review,53.51.26.41,DH8 7TF,Cora Lindsey,DASDA Ltd,No,General Inspection,3,2023-06-28,2023-07-12,"14 days, 0:00:00",Authorised,N/A,Yes,knmdc,WS1
84238495,4,KR Analytics Ltd,MARS Review,34.53.51.45,BB7 2GH,Kenny Merritt,Elixir Ltd,Yes,Roof repair,3,2023-11-06,2023-11-11,"5 days, 0:00:00",Authorised,N/A,Yes,rmifx,WS1
11042362,2,KR Analytics Ltd,MARS Review,61.43.45.21,DN9 1PL,Jazmine Mathis,Arc Ltd,Yes,Air Conditioning Installations,3,2023-11-18,2023-11-22,"4 days, 0:00:00",Authorised,N/A,Yes,ovtdv,WS3
97601244,4,KR Analytics Ltd,MARS Review,61.14.63.34,DN32 7XB,Alfredo Holmes,Aboard Service Ltd,Yes,Other Repairs,3,2023-10-08,2023-10-12,"4 days, 0:00:00",Rejected,No,No,fuiel,WS1
61375347,1,KR Analytics Ltd,MARS Review,23.66.14.53,EH14 5PU,Annabel Beasley,Caledonian Ltd,Yes,Vent Repairs,3,2024-02-21,2024-03-03,"11 days, 0:00:00",Rejected,No,No,dmhdx,WS3
84781149,2,KR Analytics Ltd,MARS Review,12.45.33.34,BD6 3DJ,Brayden Giles,Aboard Service Ltd,No,Asbestos Survey,3,2023-04-06,2023-04-12,"6 days, 0:00:00",Rejected,Yes,No,xequa,WS3
16456316,1,KR Analytics Ltd,MARS Review,51.63.26.11,DE14 9SR,Cora Lindsey,Centurion Ltd,No,Fall Protection Inspection,3,2023-12-01,2023-12-12,"11 days, 0:00:00",Authorised,N/A,Yes,wahvf,WS3
09195039,0,KR Analytics Ltd,MARS Review,14.45.55.41,E4 9DB,Chelsea Huber,Aboard Service Ltd,No,Air Conditioning Installations,3,2024-02-19,2024-02-25,"6 days, 0:00:00",Rejected,Yes,No,ujamt,WS3
99490378,3,KR Analytics Ltd,MARS Review,46.61.32.35,HA2 9BH,Cassius Mullins,German Ltd,Yes,Heating Installations,3,2023-11-04,2023-11-14,"10 days, 0:00:00",Rejected,No,No,hdjuu,WS1
70640317,3,KR Analytics Ltd,MARS Review,65.13.52.13,G63 0PN,Annabel Beasley,Arc Ltd,No,Other Repairs,3,2023-09-25,2023-10-05,"10 days, 0:00:00",Rejected,Yes,No,odpxv,WS1
04180471,3,KR Analytics Ltd,MARS Review,55.65.15.15,HD9 2NL,Marcos Mcpherson,Epiphany Ltd,Yes,Fall Protection Inspection,3,2023-07-22,2023-07-28,"6 days, 0:00:00",Authorised,N/A,Yes,pjrmv,WS1
81690332,0,KR Analytics Ltd,MARS Review,25.35.63.24,DT1 2SU,Annabel Beasley,MEKOS Ltd,Yes,Asbestos Survey,3,2024-02-21,2024-02-24,"3 days, 0:00:00",Rejected,Yes,No,iljdx,WS1
62286028,2,KR Analytics Ltd,MARS Review,23.42.35.45,BT44 9DB,Kenny Merritt,Arc Ltd,Yes,Heating Installations,3,2024-03-23,2024-04-04,"12 days, 0:00:00",Authorised,N/A,Yes,gstwa,WS3
10353777,4,KR Analytics Ltd,MARS Review,45.41.64.54,HD4 6EU,Jazmine Mathis,Aboard Service Ltd,No,Other Repairs,3,2024-03-10,2024-03-14,"4 days, 0:00:00",Rejected,No,No,gymzs,WS1
96227934,0,KR Analytics Ltd,MARS Review,33.64.21.54,DN6 7WP,Chelsea Huber,Aboard Service Ltd,Yes,Asbestos Survey,3,2023-11-22,2023-11-26,"4 days, 0:00:00",Rejected,No,No,wehbz,WS1
90795830,3,KR Analytics Ltd,MARS Review,51.25.11.65,AB4 6JL,Kenny Merritt,Elixir Ltd,No,Roof repair,3,2023-09-16,2023-09-30,"14 days, 0:00:00",Rejected,No,No,njdqp,WS1
43332431,4,KR Analytics Ltd,MARS Review,35.16.42.55,CW7 2UR,Brayden Giles,DASDA Ltd,Yes,Fall Protection Inspection,3,2023-12-07,2023-12-18,"11 days, 0:00:00",Authorised,N/A,Yes,qwgmv,WS1
48001579,1,KR Analytics Ltd,MARS Review,64.52.26.16,DD4 0HN,Cassius Mullins,Centurion Ltd,Yes,Vent Repairs,3,2023-04-30,2023-05-03,"3 days, 0:00:00",Rejected,Yes,No,bggct,WS3
24794494,3,KR Analytics Ltd,MARS Review,41.65.21.25,AL3 5LQ,Jazmine Mathis,Elixir Ltd,No,Fall Protection Inspection,3,2024-03-06,2024-03-13,"7 days, 0:00:00",Authorised,N/A,Yes,wvfyu,WS3
83517596,4,KR Analytics Ltd,MARS Review,51.11.51.26,CH63 7RW,Kenny Merritt,Aboard Service Ltd,Yes,Fall Protection Inspection,3,2024-02-08,2024-02-13,"5 days, 0:00:00",Rejected,Yes,No,kmdtl,WS1
25738397,0,KR Analytics Ltd,MARS Review,42.26.26.43,BN3 1FT,Chelsea Huber,Epiphany Ltd,No,Heating Installations,3,2023-05-02,2023-05-07,"5 days, 0:00:00",Authorised,N/A,Yes,ulsap,WS1
98985184,3,KR Analytics Ltd,MARS Review,43.41.13.52,HP8 4QA,Brayden Giles,Elixir Ltd,Yes,Bird Netting Repair,3,2023-12-24,2024-01-06,"13 days, 0:00:00",Authorised,N/A,Yes,clvzw,WS1
29948945,0,KR Analytics Ltd,MARS Review,55.61.36.26,BD13 4NA,Brayden Giles,Arc Ltd,Yes,Bird Netting Repair,3,2023-08-09,2023-08-15,"6 days, 0:00:00",Authorised,N/A,Yes,ocjeq,WS3
74233100,0,KR Analytics Ltd,MARS Review,35.32.32.55,EX37 9QB,Kenny Merritt,Epiphany Ltd,Yes,Fall Protection Inspection,3,2023-08-13,2023-08-20,"7 days, 0:00:00",Authorised,N/A,Yes,ywtrf,WS1
76696985,4,KR Analytics Ltd,MARS Review,21.23.26.61,AB2 2DX,Chelsea Huber,DASDA Ltd,No,Roof repair,3,2023-06-11,2023-06-17,"6 days, 0:00:00",Authorised,N/A,Yes,hpjzy,WS3
07354047,2,KR Analytics Ltd,MARS Review,52.23.64.52,BS99 2DN,Annabel Beasley,Centurion Ltd,Yes,Other Repairs,3,2023-12-26,2024-01-02,"7 days, 0:00:00",Authorised,N/A,Yes,vwqfl,WS1
92737665,3,KR Analytics Ltd,MARS Review,51.56.14.62,EX31 2EA,Chelsea Huber,Centurion Ltd,No,Bird Netting Repair,3,2023-06-01,2023-06-12,"11 days, 0:00:00",Rejected,No,No,eausq,WS3
45545399,2,KR Analytics Ltd,MARS Review,44.13.16.25,B28 9HU,Jazmine Mathis,Centurion Ltd,Yes,Fall Protection Inspection,3,2024-01-31,2024-02-03,"3 days, 0:00:00",Authorised,N/A,Yes,tmsvg,WS1
11672619,2,KR Analytics Ltd,MARS Review,64.53.42.62,BS15 5QZ,Kenny Merritt,Elixir Ltd,Yes,Vent Repairs,3,2023-12-10,2023-12-15,"5 days, 0:00:00",Authorised,N/A,Yes,qhuhv,WS3
74356718,1,KR Analytics Ltd,MARS Review,11.24.12.22,EH54 7YW,Brayden Giles,Caledonian Ltd,No,Vent Repairs,3,2024-02-28,2024-03-02,"3 days, 0:00:00",Rejected,Yes,No,svojh,WS1
64604853,2,KR Analytics Ltd,MARS Review,54.11.11.34,DH9 9XF,Cassius Mullins,MEKOS Ltd,Yes,Other Repairs,3,2023-08-12,2023-08-16,"4 days, 0:00:00",Authorised,N/A,Yes,oesqs,WS1
26189774,3,KR Analytics Ltd,MARS Review,42.52.23.46,EH4 5JH,Annabel Beasley,Centurion Ltd,Yes,Roof repair,3,2023-06-10,2023-06-17,"7 days, 0:00:00",Rejected,Yes,No,splxc,WS3
94841605,0,KR Analytics Ltd,MARS Review,53.64.13.33,CR3 6WH,Alfredo Holmes,Epiphany Ltd,No,Heating Installations,3,2023-08-26,2023-09-02,"7 days, 0:00:00",Rejected,Yes,No,oyoyl,WS1
89664890,2,KR Analytics Ltd,MARS Review,24.62.64.45,CA6 5SZ,Marcos Mcpherson,MEKOS Ltd,No,Other Repairs,3,2024-01-01,2024-01-06,"5 days, 0:00:00",Authorised,N/A,Yes,cgoky,WS3
72648907,3,KR Analytics Ltd,MARS Review,14.24.24.22,AB14 0LQ,Cora Lindsey,Arc Ltd,No,Asbestos Survey,3,2023-12-11,2023-12-17,"6 days, 0:00:00",Rejected,No,No,nuysk,WS1
71060586,2,KR Analytics Ltd,MARS Review,62.26.36.44,GL54 3YR,Annabel Beasley,Epiphany Ltd,Yes,Fall Protection Inspection,3,2023-10-13,2023-10-26,"13 days, 0:00:00",Rejected,Yes,No,njjqm,WS3
45029262,2,KR Analytics Ltd,MARS Review,13.16.13.52,BT38 9GN,Jazmine Mathis,Elixir Ltd,Yes,Fall Protection Inspection,3,2023-10-03,2023-10-05,"2 days, 0:00:00",Rejected,No,No,oovqz,WS1
25097982,1,KR Analytics Ltd,MARS Review,12.46.54.64,DH8 5DZ,Chelsea Huber,Centurion Ltd,No,Heating Installations,3,2024-03-14,2024-03-23,"9 days, 0:00:00",Authorised,N/A,Yes,twmky,WS1
39208363,0,KR Analytics Ltd,MARS Review,23.64.24.52,CF7 8LQ,Annabel Beasley,Epiphany Ltd,Yes,Asbestos Survey,3,2023-06-08,2023-06-13,"5 days, 0:00:00",Authorised,N/A,Yes,lqzoz,WS3
07086560,4,KR Analytics Ltd,MARS Review,34.25.23.44,BL6 9LA,Brayden Giles,Caledonian Ltd,Yes,Heating Installations,3,2024-01-11,2024-01-19,"8 days, 0:00:00",Authorised,N/A,Yes,klhnj,WS3
61196543,0,KR Analytics Ltd,MARS Review,16.34.63.11,DN37 7DF,Cora Lindsey,DASDA Ltd,Yes,Bird Netting Repair,3,2023-05-29,2023-06-05,"7 days, 0:00:00",Authorised,N/A,Yes,xvqgb,WS1
44609766,0,KR Analytics Ltd,MARS Review,53.36.32.62,CR8 1WD,Annabel Beasley,Centurion Ltd,Yes,Asbestos Survey,3,2023-10-12,2023-10-14,"2 days, 0:00:00",Authorised,N/A,Yes,qfsep,WS3
84781874,3,KR Analytics Ltd,MARS Review,54.53.65.22,BA12 8HH,Cora Lindsey,MEKOS Ltd,Yes,Bird Netting Repair,3,2023-05-15,2023-05-22,"7 days, 0:00:00",Authorised,N/A,Yes,gyzly,WS3
76103307,4,KR Analytics Ltd,MARS Review,15.15.54.25,EC1R 0NN,Chelsea Huber,Caledonian Ltd,Yes,Vent Repairs,3,2023-04-02,2023-04-03,"1 day, 0:00:00",Rejected,No,No,acrca,WS1
54470394,3,KR Analytics Ltd,MARS Review,21.46.64.32,BT32 3UW,Kenny Merritt,Elixir Ltd,Yes,Bird Netting Repair,3,2023-06-17,2023-06-21,"4 days, 0:00:00",Authorised,N/A,Yes,gutyw,WS1
48295498,2,KR Analytics Ltd,MARS Review,51.11.42.34,B33 9LX,Marcos Mcpherson,Arc Ltd,No,General Inspection,3,2023-07-31,2023-08-04,"4 days, 0:00:00",Rejected,Yes,No,nqxie,WS3
80680779,1,KR Analytics Ltd,MARS Review,31.16.32.65,DT1 1RG,Jazmine Mathis,MEKOS Ltd,Yes,Fall Protection Inspection,3,2023-10-29,2023-11-05,"7 days, 0:00:00",Rejected,Yes,No,yimsw,WS3
33822969,1,KR Analytics Ltd,MARS Review,32.35.26.42,GL20 9BT,Alfredo Holmes,Epiphany Ltd,No,Heating Installations,3,2023-12-29,2024-01-05,"7 days, 0:00:00",Authorised,N/A,Yes,gfqdr,WS3
79708524,3,KR Analytics Ltd,MARS Review,32.63.12.36,CV1 3AN,Kenny Merritt,DASDA Ltd,Yes,General Inspection,3,2024-01-07,2024-01-08,"1 day, 0:00:00",Rejected,Yes,No,nymhq,WS3
32120526,3,KR Analytics Ltd,MARS Review,11.54.32.22,BD13 3SU,Marcos Mcpherson,Aboard Service Ltd,Yes,Heating Installations,3,2023-09-22,2023-09-27,"5 days, 0:00:00",Authorised,N/A,Yes,acxsw,WS3
22940974,2,KR Analytics Ltd,MARS Review,21.54.36.31,CT7 9BY,Tate Benjamin,Caledonian Ltd,No,Vent Repairs,3,2024-01-30,2024-02-02,"3 days, 0:00:00",Rejected,No,No,ywcvc,WS1
22870886,1,KR Analytics Ltd,MARS Review,61.65.63.44,CO11 1NJ,Marcos Mcpherson,Caledonian Ltd,Yes,Air Conditioning Installations,3,2023-08-18,2023-08-21,"3 days, 0:00:00",Rejected,Yes,No,vuelc,WS3
44310522,2,KR Analytics Ltd,MARS Review,34.63.61.25,EC3V 4PQ,Brayden Giles,Centurion Ltd,No,Bird Netting Repair,3,2024-03-08,2024-03-10,"2 days, 0:00:00",Authorised,N/A,Yes,iyzle,WS1
59881597,2,KR Analytics Ltd,MARS Review,36.24.44.23,DA3 7DW,Jazmine Mathis,MEKOS Ltd,No,Air Conditioning Installations,3,2024-01-03,2024-01-07,"4 days, 0:00:00",Rejected,No,No,cutbk,WS1
09438742,0,KR Analytics Ltd,MARS Review,46.41.35.46,CM8 2AW,Chelsea Huber,Epiphany Ltd,No,Other Repairs,3,2023-05-17,2023-05-19,"2 days, 0:00:00",Authorised,N/A,Yes,zutws,WS3
01120554,2,KR Analytics Ltd,MARS Review,63.16.55.14,DA12 2BA,Marcos Mcpherson,Epiphany Ltd,No,Fall Protection Inspection,3,2023-06-03,2023-06-09,"6 days, 0:00:00",Authorised,N/A,Yes,vmsra,WS3
03203539,1,KR Analytics Ltd,MARS Review,44.35.66.32,BS22 6LE,Marcos Mcpherson,DASDA Ltd,No,Vent Repairs,3,2023-04-30,2023-05-10,"10 days, 0:00:00",Authorised,N/A,Yes,nrqbt,WS3
92992333,0,KR Analytics Ltd,MARS Review,53.44.46.65,BN2 8SF,Cassius Mullins,Elixir Ltd,Yes,Heating Installations,3,2023-04-27,2023-05-03,"6 days, 0:00:00",Rejected,Yes,No,fkxyj,WS1
56901457,4,KR Analytics Ltd,MARS Review,63.56.31.56,BT78 2NS,Chelsea Huber,Elixir Ltd,Yes,Other Repairs,3,2024-03-28,2024-04-05,"8 days, 0:00:00",Rejected,Yes,No,mmpzs,WS3
75933703,2,KR Analytics Ltd,MARS Review,42.61.13.45,DA17 5DL,Annabel Beasley,Centurion Ltd,Yes,Fall Protection Inspection,3,2023-12-03,2023-12-13,"10 days, 0:00:00",Rejected,No,No,gywpy,WS3
03838731,3,KR Analytics Ltd,MARS Review,25.61.66.55,HP17 8XA,Brayden Giles,Caledonian Ltd,No,General Inspection,3,2023-06-05,2023-06-07,"2 days, 0:00:00",Authorised,N/A,Yes,vfexg,WS1
14127739,3,KR Analytics Ltd,MARS Review,51.61.24.41,BT14 8GT,Marcos Mcpherson,Arc Ltd,No,Fall Protection Inspection,3,2024-02-26,2024-03-08,"11 days, 0:00:00",Rejected,Yes,No,mfztd,WS3
46856039,4,KR Analytics Ltd,MARS Review,12.63.25.21,BH5 1EN,Cora Lindsey,Elixir Ltd,No,Heating Installations,3,2024-01-19,2024-01-23,"4 days, 0:00:00",Rejected,No,No,crgcv,WS1
51247056,0,KR Analytics Ltd,MARS Review,13.53.65.55,HG4 3PU,Cora Lindsey,Caledonian Ltd,Yes,Fall Protection Inspection,3,2024-03-03,2024-03-10,"7 days, 0:00:00",Authorised,N/A,Yes,buuxc,WS3
63588194,2,KR Analytics Ltd,MARS Review,15.26.56.53,HP1 1UE,Cassius Mullins,Epiphany Ltd,No,Roof repair,3,2023-04-09,2023-04-20,"11 days, 0:00:00",Authorised,N/A,Yes,htwut,WS1
64377494,3,KR Analytics Ltd,MARS Review,52.11.65.62,CO7 6BB,Jazmine Mathis,German Ltd,No,Fall Protection Inspection,3,2023-04-28,2023-05-07,"9 days, 0:00:00",Rejected,Yes,No,lpylv,WS3
14616152,0,KR Analytics Ltd,MARS Review,53.36.51.51,GL4 7XT,Brayden Giles,Arc Ltd,Yes,Bird Netting Repair,3,2023-12-20,2023-12-28,"8 days, 0:00:00",Rejected,No,No,nwfkz,WS3
36793953,3,KR Analytics Ltd,MARS Review,46.25.66.21,CM19 4PR,Jazmine Mathis,Arc Ltd,Yes,Heating Installations,3,2024-02-07,2024-02-14,"7 days, 0:00:00",Rejected,No,No,lvxhb,WS3
16140162,2,KR Analytics Ltd,MARS Review,63.46.53.32,EH7 4ZH,Annabel Beasley,German Ltd,Yes,General Inspection,3,2023-11-19,2023-12-02,"13 days, 0:00:00",Rejected,Yes,No,wwaqt,WS3
84519615,3,KR Analytics Ltd,MARS Review,43.65.21.15,EH51 9LU,Jazmine Mathis,Caledonian Ltd,Yes,General Inspection,3,2023-11-23,2023-12-03,"10 days, 0:00:00",Rejected,No,No,ipfzn,WS1
79257993,2,KR Analytics Ltd,MARS Review,23.24.56.31,CR4 2DZ,Chelsea Huber,Arc Ltd,No,Roof repair,3,2023-05-14,2023-05-17,"3 days, 0:00:00",Rejected,No,No,pjixj,WS1
88176725,3,KR Analytics Ltd,MARS Review,12.46.65.55,BA21 5EE,Cassius Mullins,Arc Ltd,Yes,General Inspection,3,2023-04-28,2023-05-11,"13 days, 0:00:00",Authorised,N/A,Yes,igzgx,WS3
53452899,1,KR Analytics Ltd,MARS Review,41.62.14.46,DT11 8DA,Jazmine Mathis,Caledonian Ltd,No,Vent Repairs,3,2024-02-19,2024-03-04,"14 days, 0:00:00",Authorised,N/A,Yes,xbnew,WS1
52031555,2,KR Analytics Ltd,MARS Review,25.16.25.52,HA1 9AR,Alfredo Holmes,Aboard Service Ltd,No,Roof repair,3,2023-07-10,2023-07-18,"8 days, 0:00:00",Authorised,N/A,Yes,paijq,WS3
74657597,3,KR Analytics Ltd,MARS Review,45.24.34.35,BT92 5DJ,Tate Benjamin,Caledonian Ltd,No,Bird Netting Repair,3,2023-04-28,2023-05-09,"11 days, 0:00:00",Rejected,No,No,tliiz,WS1
82619664,0,KR Analytics Ltd,MARS Review,44.63.36.62,DL15 8AW,Brayden Giles,German Ltd,Yes,Fall Protection Inspection,3,2023-07-09,2023-07-22,"13 days, 0:00:00",Rejected,No,No,yobdi,WS3
60251311,0,KR Analytics Ltd,MARS Review,34.31.65.23,BB8 6RD,Annabel Beasley,Elixir Ltd,No,Fall Protection Inspection,3,2023-04-17,2023-04-26,"9 days, 0:00:00",Authorised,N/A,Yes,owmcr,WS1
41527688,4,KR Analytics Ltd,MARS Review,53.35.11.35,GU2 6YX,Kenny Merritt,Elixir Ltd,Yes,Air Conditioning Installations,3,2023-12-04,2023-12-13,"9 days, 0:00:00",Authorised,N/A,Yes,enedm,WS1
88995455,3,KR Analytics Ltd,MARS Review,25.46.13.66,BT60 2EN,Marcos Mcpherson,MEKOS Ltd,No,Vent Repairs,3,2023-06-09,2023-06-15,"6 days, 0:00:00",Authorised,N/A,Yes,cyfpi,WS3
54904955,2,KR Analytics Ltd,MARS Review,21.42.63.24,DG5 4GH,Cora Lindsey,German Ltd,Yes,Fall Protection Inspection,3,2024-01-15,2024-01-28,"13 days, 0:00:00",Rejected,No,No,uwcox,WS3
36035395,1,KR Analytics Ltd,MARS Review,26.11.62.23,BS22 0HG,Annabel Beasley,Aboard Service Ltd,No,Other Repairs,3,2023-08-10,2023-08-11,"1 day, 0:00:00",Rejected,No,No,vlavg,WS1
23801208,0,KR Analytics Ltd,MARS Review,43.25.36.46,G2 6HA,Marcos Mcpherson,Caledonian Ltd,No,Vent Repairs,3,2023-10-05,2023-10-06,"1 day, 0:00:00",Rejected,Yes,No,enzvu,WS3
58110501,2,KR Analytics Ltd,MARS Review,56.62.13.25,BT8 4BZ,Alfredo Holmes,Arc Ltd,Yes,Bird Netting Repair,3,2024-03-17,2024-03-28,"11 days, 0:00:00",Rejected,Yes,No,ddohl,WS1
57109741,4,KR Analytics Ltd,MARS Review,41.43.66.24,CR9 2WG,Kenny Merritt,Epiphany Ltd,Yes,Vent Repairs,3,2023-11-26,2023-12-06,"10 days, 0:00:00",Rejected,No,No,dbzro,WS3
85896076,1,KR Analytics Ltd,MARS Review,32.66.26.36,BT35 0QY,Brayden Giles,DASDA Ltd,Yes,Bird Netting Repair,3,2024-01-06,2024-01-15,"9 days, 0:00:00",Authorised,N/A,Yes,adkej,WS1
78172605,0,KR Analytics Ltd,MARS Review,52.34.14.31,BT57 8AR,Marcos Mcpherson,Centurion Ltd,No,Air Conditioning Installations,3,2023-06-06,2023-06-20,"14 days, 0:00:00",Authorised,N/A,Yes,gzonx,WS1
99418292,3,KR Analytics Ltd,MARS Review,43.44.52.25,B63 2UL,Annabel Beasley,German Ltd,No,Heating Installations,3,2023-12-21,2023-12-30,"9 days, 0:00:00",Rejected,No,No,pxcot,WS3
61533665,4,KR Analytics Ltd,MARS Review,61.15.44.53,AB15 7QA,Tate Benjamin,MEKOS Ltd,No,Fall Protection Inspection,3,2023-07-19,2023-08-01,"13 days, 0:00:00",Authorised,N/A,Yes,gjfgu,WS1
04669434,1,KR Analytics Ltd,MARS Review,66.14.65.64,EX39 5RD,Marcos Mcpherson,Elixir Ltd,No,Vent Repairs,3,2023-05-13,2023-05-22,"9 days, 0:00:00",Authorised,N/A,Yes,iwbxe,WS1
81821002,0,KR Analytics Ltd,MARS Review,16.62.34.51,CV21 1EW,Jazmine Mathis,Caledonian Ltd,Yes,Asbestos Survey,3,2023-08-15,2023-08-29,"14 days, 0:00:00",Authorised,N/A,Yes,qpacq,WS1
33004265,3,KR Analytics Ltd,MARS Review,12.52.44.23,G11 6JA,Tate Benjamin,Arc Ltd,Yes,Other Repairs,3,2023-04-28,2023-05-02,"4 days, 0:00:00",Rejected,Yes,No,rxkpq,WS3
74745323,4,KR Analytics Ltd,MARS Review,32.25.34.42,AB2 5UA,Chelsea Huber,Epiphany Ltd,Yes,Asbestos Survey,3,2023-04-21,2023-04-24,"3 days, 0:00:00",Authorised,N/A,Yes,zexuo,WS1
02732518,1,KR Analytics Ltd,MARS Review,65.53.43.53,HD1 2YZ,Marcos Mcpherson,Elixir Ltd,No,Heating Installations,3,2023-06-27,2023-07-06,"9 days, 0:00:00",Authorised,N/A,Yes,mbtcd,WS1
74252951,1,KR Analytics Ltd,MARS Review,21.45.36.53,EX9 6NF,Tate Benjamin,German Ltd,No,General Inspection,3,2024-02-01,2024-02-13,"12 days, 0:00:00",Authorised,N/A,Yes,nzzkt,WS1
41479748,2,KR Analytics Ltd,MARS Review,42.46.45.13,EH9 1JJ,Chelsea Huber,Epiphany Ltd,Yes,Bird Netting Repair,3,2023-07-14,2023-07-15,"1 day, 0:00:00",Authorised,N/A,Yes,fadvn,WS3
49023103,0,KR Analytics Ltd,MARS Review,45.63.53.61,BH20 7YA,Tate Benjamin,Elixir Ltd,No,Vent Repairs,3,2023-11-22,2023-11-29,"7 days, 0:00:00",Rejected,Yes,No,wrmek,WS3
76176459,3,KR Analytics Ltd,MARS Review,25.51.15.55,AB42 5HE,Brayden Giles,German Ltd,Yes,General Inspection,3,2024-03-18,2024-03-27,"9 days, 0:00:00",Rejected,Yes,No,ysupd,WS1
67399416,1,KR Analytics Ltd,MARS Review,64.46.63.16,EH10 6EY,Annabel Beasley,Caledonian Ltd,Yes,Air Conditioning Installations,3,2023-05-06,2023-05-20,"14 days, 0:00:00",Authorised,N/A,Yes,sryux,WS3
28538647,0,KR Analytics Ltd,MARS Review,62.55.52.21,DA2 7QT,Kenny Merritt,Aboard Service Ltd,No,Roof repair,3,2023-12-21,2023-12-22,"1 day, 0:00:00",Rejected,Yes,No,gysjp,WS3
84717495,4,KR Analytics Ltd,MARS Review,22.13.42.24,EH11 3LP,Cassius Mullins,Elixir Ltd,No,Heating Installations,3,2024-03-22,2024-03-25,"3 days, 0:00:00",Authorised,N/A,Yes,vbbmm,WS1
22937879,1,KR Analytics Ltd,MARS Review,65.66.25.63,DN18 6JX,Alfredo Holmes,Aboard Service Ltd,No,Other Repairs,3,2023-04-09,2023-04-12,"3 days, 0:00:00",Authorised,N/A,Yes,autxv,WS1
08191212,0,KR Analytics Ltd,MARS Review,15.35.21.65,GL56 9QG,Chelsea Huber,Arc Ltd,Yes,Fall Protection Inspection,3,2024-02-27,2024-03-09,"11 days, 0:00:00",Authorised,N/A,Yes,uxirs,WS1
43895905,3,KR Analytics Ltd,MARS Review,35.13.66.52,BH12 4EY,Cora Lindsey,MEKOS Ltd,Yes,Air Conditioning Installations,3,2023-10-26,2023-11-04,"9 days, 0:00:00",Rejected,Yes,No,bpbks,WS1
42290667,2,KR Analytics Ltd,MARS Review,51.32.54.43,GL55 6JW,Annabel Beasley,DASDA Ltd,No,Vent Repairs,3,2023-05-04,2023-05-17,"13 days, 0:00:00",Authorised,N/A,Yes,azwfd,WS1
85910357,4,KR Analytics Ltd,MARS Review,32.36.56.46,DN35 7WX,Jazmine Mathis,German Ltd,Yes,Heating Installations,3,2023-08-17,2023-08-20,"3 days, 0:00:00",Rejected,No,No,dabgn,WS1
04053953,3,KR Analytics Ltd,MARS Review,53.22.25.52,BD1 3TD,Cassius Mullins,DASDA Ltd,No,Bird Netting Repair,3,2023-07-04,2023-07-17,"13 days, 0:00:00",Rejected,No,No,ayvtj,WS1
57009041,2,KR Analytics Ltd,MARS Review,56.26.34.43,E13 8TW,Annabel Beasley,Epiphany Ltd,Yes,Bird Netting Repair,3,2023-04-22,2023-05-04,"12 days, 0:00:00",Rejected,No,No,hqsqp,WS1
22478527,1,KR Analytics Ltd,MARS Review,16.16.64.64,BH12 4DB,Cora Lindsey,German Ltd,No,Bird Netting Repair,3,2023-11-28,2023-12-03,"5 days, 0:00:00",Authorised,N/A,Yes,zlohv,WS3
33590827,3,KR Analytics Ltd,MARS Review,14.64.25.56,BB8 0LW,Cassius Mullins,DASDA Ltd,No,Heating Installations,3,2023-05-01,2023-05-13,"12 days, 0:00:00",Rejected,No,No,zxpgu,WS3
19719330,2,KR Analytics Ltd,MARS Review,66.34.32.41,DL3 0LU,Alfredo Holmes,Epiphany Ltd,Yes,Bird Netting Repair,3,2023-09-21,2023-09-26,"5 days, 0:00:00",Rejected,Yes,No,dlaec,WS1
99620005,4,KR Analytics Ltd,MARS Review,22.56.44.31,DE1 1EB,Cora Lindsey,Caledonian Ltd,Yes,Heating Installations,3,2024-02-13,2024-02-25,"12 days, 0:00:00",Rejected,Yes,No,zenit,WS1
21661480,3,KR Analytics Ltd,MARS Review,35.24.63.14,GU33 9AX,Marcos Mcpherson,Epiphany Ltd,Yes,General Inspection,3,2023-10-15,2023-10-17,"2 days, 0:00:00",Rejected,Yes,No,icptg,WS1
92974049,1,KR Analytics Ltd,MARS Review,33.14.65.15,BA8 0RG,Kenny Merritt,Caledonian Ltd,No,Air Conditioning Installations,3,2024-01-02,2024-01-06,"4 days, 0:00:00",Rejected,Yes,No,oklwq,WS3
10168518,4,KR Analytics Ltd,MARS Review,63.65.12.22,BS1 1YL,Cassius Mullins,Epiphany Ltd,No,Asbestos Survey,3,2023-08-14,2023-08-22,"8 days, 0:00:00",Authorised,N/A,Yes,ddhez,WS3
98083750,3,KR Analytics Ltd,MARS Review,16.26.51.64,G15 6QN,Cora Lindsey,DASDA Ltd,No,Vent Repairs,3,2023-05-11,2023-05-21,"10 days, 0:00:00",Rejected,Yes,No,kwyiv,WS3
25895831,0,KR Analytics Ltd,MARS Review,41.11.65.44,CA11 7SW,Alfredo Holmes,DASDA Ltd,No,General Inspection,3,2023-06-16,2023-06-23,"7 days, 0:00:00",Authorised,N/A,Yes,fmyrl,WS3
06538469,3,KR Analytics Ltd,MARS Review,61.12.14.51,CB25 0FB,Jazmine Mathis,Epiphany Ltd,No,Bird Netting Repair,3,2023-11-14,2023-11-15,"1 day, 0:00:00",Rejected,No,No,uxfux,WS1
89744220,2,KR Analytics Ltd,MARS Review,26.24.15.22,HR2 8DL,Chelsea Huber,Elixir Ltd,Yes,Roof repair,3,2023-12-03,2023-12-16,"13 days, 0:00:00",Authorised,N/A,Yes,crgfc,WS3
85799779,3,KR Analytics Ltd,MARS Review,33.36.64.22,CW4 8LR,Cora Lindsey,MEKOS Ltd,No,Air Conditioning Installations,3,2023-11-05,2023-11-09,"4 days, 0:00:00",Authorised,N/A,Yes,iotmv,WS3
58040613,2,KR Analytics Ltd,MARS Review,34.64.52.26,G20 9BQ,Marcos Mcpherson,Epiphany Ltd,Yes,Asbestos Survey,3,2023-04-23,2023-04-25,"2 days, 0:00:00",Rejected,No,No,pwuub,WS3
07102215,2,KR Analytics Ltd,MARS Review,21.25.43.62,CF63 4EJ,Marcos Mcpherson,German Ltd,Yes,Air Conditioning Installations,3,2024-02-18,2024-02-21,"3 days, 0:00:00",Rejected,No,No,vsdxv,WS3
75521228,2,KR Analytics Ltd,MARS Review,35.54.62.32,CR3 2XX,Chelsea Huber,MEKOS Ltd,Yes,Fall Protection Inspection,3,2024-03-17,2024-03-22,"5 days, 0:00:00",Authorised,N/A,Yes,iaqic,WS1
18872641,2,KR Analytics Ltd,MARS Review,14.12.41.55,EX14 3JW,Jazmine Mathis,Aboard Service Ltd,Yes,Air Conditioning Installations,3,2023-05-14,2023-05-24,"10 days, 0:00:00",Rejected,No,No,klapk,WS1
77251529,2,KR Analytics Ltd,MARS Review,41.54.15.13,HP22 5HZ,Cora Lindsey,Elixir Ltd,No,Other Repairs,3,2023-10-08,2023-10-11,"3 days, 0:00:00",Authorised,N/A,Yes,lenne,WS3
35515717,0,KR Analytics Ltd,MARS Review,62.65.34.14,CR3 9DJ,Jazmine Mathis,Centurion Ltd,Yes,Other Repairs,3,2024-02-22,2024-03-01,"8 days, 0:00:00",Rejected,No,No,cmuzv,WS3
17745532,1,KR Analytics Ltd,MARS Review,62.52.22.51,BN1 4FX,Jazmine Mathis,Arc Ltd,No,Asbestos Survey,3,2024-03-01,2024-03-03,"2 days, 0:00:00",Authorised,N/A,Yes,lkgxi,WS3
63039514,2,KR Analytics Ltd,MARS Review,15.54.41.53,G21 4YG,Cassius Mullins,Epiphany Ltd,No,Asbestos Survey,3,2023-09-09,2023-09-12,"3 days, 0:00:00",Rejected,No,No,asilh,WS1
53104777,2,KR Analytics Ltd,MARS Review,56.21.43.15,G78 2LT,Marcos Mcpherson,German Ltd,Yes,Bird Netting Repair,3,2023-09-24,2023-09-29,"5 days, 0:00:00",Rejected,Yes,No,pbnlp,WS1
66473062,4,KR Analytics Ltd,MARS Review,23.24.46.41,AL10 1ZZ,Alfredo Holmes,Arc Ltd,No,Bird Netting Repair,3,2023-11-28,2023-12-07,"9 days, 0:00:00",Authorised,N/A,Yes,cymoi,WS3
17230135,3,KR Analytics Ltd,MARS Review,64.15.44.64,BT67 0NU,Cora Lindsey,Centurion Ltd,Yes,Air Conditioning Installations,3,2023-08-04,2023-08-18,"14 days, 0:00:00",Authorised,N/A,Yes,ztjer,WS1
65362997,3,KR Analytics Ltd,MARS Review,61.66.66.11,EH26 9LH,Tate Benjamin,Epiphany Ltd,Yes,Heating Installations,3,2024-03-09,2024-03-20,"11 days, 0:00:00",Rejected,No,No,dijpg,WS3
25533322,3,KR Analytics Ltd,MARS Review,42.42.66.62,CV11 5JZ,Tate Benjamin,Epiphany Ltd,No,Heating Installations,3,2024-03-05,2024-03-07,"2 days, 0:00:00",Rejected,Yes,No,qrzeb,WS1
88510891,0,KR Analytics Ltd,MARS Review,53.51.32.52,EC4N 1TT,Alfredo Holmes,Epiphany Ltd,No,General Inspection,3,2023-05-27,2023-05-30,"3 days, 0:00:00",Authorised,N/A,Yes,ahgij,WS3
11175178,4,KR Analytics Ltd,MARS Review,16.42.21.36,BS20 0NE,Marcos Mcpherson,DASDA Ltd,Yes,Vent Repairs,3,2023-07-21,2023-07-25,"4 days, 0:00:00",Rejected,Yes,No,pgalp,WS1
53428197,1,KR Analytics Ltd,MARS Review,44.52.22.61,GU11 2BD,Kenny Merritt,Aboard Service Ltd,No,Fall Protection Inspection,3,2023-07-23,2023-07-26,"3 days, 0:00:00",Authorised,N/A,Yes,oxffw,WS3
23948571,4,KR Analytics Ltd,MARS Review,35.43.63.46,DE1 3QU,Cora Lindsey,Epiphany Ltd,Yes,Air Conditioning Installations,3,2024-01-08,2024-01-19,"11 days, 0:00:00",Authorised,N/A,Yes,avojg,WS3
30451195,1,KR Analytics Ltd,MARS Review,36.61.35.66,BR3 5EZ,Kenny Merritt,Elixir Ltd,No,Other Repairs,3,2023-11-12,2023-11-17,"5 days, 0:00:00",Rejected,No,No,pauks,WS1
70761812,0,KR Analytics Ltd,MARS Review,32.21.26.45,B68 8HS,Annabel Beasley,Elixir Ltd,No,Heating Installations,3,2024-02-03,2024-02-12,"9 days, 0:00:00",Rejected,Yes,No,gxqzh,WS3
72311004,4,KR Analytics Ltd,MARS Review,25.24.42.45,DE56 2HH,Marcos Mcpherson,Aboard Service Ltd,Yes,Heating Installations,3,2023-11-21,2023-11-24,"3 days, 0:00:00",Authorised,N/A,Yes,ggeao,WS3
99565959,4,KR Analytics Ltd,MARS Review,25.64.22.12,EX1 1NB,Marcos Mcpherson,Elixir Ltd,Yes,General Inspection,3,2023-11-30,2023-12-14,"14 days, 0:00:00",Rejected,Yes,No,tdmug,WS3
92040334,3,KR Analytics Ltd,MARS Review,11.25.13.65,E7 8UR,Annabel Beasley,Caledonian Ltd,Yes,Heating Installations,3,2023-05-01,2023-05-09,"8 days, 0:00:00",Rejected,Yes,No,szysy,WS3
26775517,2,KR Analytics Ltd,MARS Review,23.24.15.34,CH44 0FB,Chelsea Huber,Arc Ltd,Yes,Heating Installations,3,2024-01-24,2024-01-25,"1 day, 0:00:00",Authorised,N/A,Yes,etjdr,WS1
47559147,3,KR Analytics Ltd,MARS Review,45.23.23.35,BH23 2AR,Jazmine Mathis,Epiphany Ltd,No,Asbestos Survey,3,2023-06-12,2023-06-24,"12 days, 0:00:00",Rejected,Yes,No,pqmzo,WS3
73623557,3,KR Analytics Ltd,MARS Review,61.22.62.11,B1 1LB,Annabel Beasley,DASDA Ltd,No,General Inspection,3,2023-11-08,2023-11-19,"11 days, 0:00:00",Authorised,N/A,Yes,tuenb,WS3
17960686,1,KR Analytics Ltd,MARS Review,61.43.24.62,FY1 5FA,Brayden Giles,Epiphany Ltd,No,General Inspection,3,2023-07-25,2023-07-27,"2 days, 0:00:00",Rejected,No,No,huawn,WS1
58338371,4,KR Analytics Ltd,MARS Review,34.31.51.64,DD11 5HZ,Cassius Mullins,Elixir Ltd,No,Roof repair,3,2023-08-19,2023-08-21,"2 days, 0:00:00",Authorised,N/A,Yes,blcub,WS3
61447790,2,KR Analytics Ltd,MARS Review,36.46.46.13,BT71 5DP,Chelsea Huber,DASDA Ltd,No,Heating Installations,3,2024-03-16,2024-03-25,"9 days, 0:00:00",Authorised,N/A,Yes,awfse,WS1
67414904,0,KR Analytics Ltd,MARS Review,25.24.52.55,BD12 8RA,Kenny Merritt,Caledonian Ltd,No,Roof repair,3,2024-01-24,2024-01-30,"6 days, 0:00:00",Rejected,Yes,No,ddrjv,WS1
47647529,3,KR Analytics Ltd,MARS Review,35.45.52.34,BT16 0GB,Cassius Mullins,DASDA Ltd,No,Fall Protection Inspection,3,2024-03-11,2024-03-24,"13 days, 0:00:00",Authorised,N/A,Yes,yogew,WS1
28766873,2,KR Analytics Ltd,MARS Review,64.56.24.21,BA2 2UG,Chelsea Huber,Elixir Ltd,Yes,Heating Installations,3,2023-10-01,2023-10-02,"1 day, 0:00:00",Authorised,N/A,Yes,yxizk,WS1
06473030,1,KR Analytics Ltd,MARS Review,54.61.16.12,BD3 7YW,Marcos Mcpherson,Caledonian Ltd,No,Heating Installations,3,2023-12-12,2023-12-23,"11 days, 0:00:00",Authorised,N/A,Yes,cxllm,WS3
83813850,3,KR Analytics Ltd,MARS Review,36.34.44.43,CB1 1JP,Marcos Mcpherson,Epiphany Ltd,Yes,Fall Protection Inspection,3,2023-11-13,2023-11-20,"7 days, 0:00:00",Rejected,No,No,pliqr,WS3
76363014,4,KR Analytics Ltd,MARS Review,46.33.16.63,DY6 0JF,Jazmine Mathis,German Ltd,Yes,Other Repairs,3,2023-05-31,2023-06-12,"12 days, 0:00:00",Authorised,N/A,Yes,equhz,WS3
36245783,4,KR Analytics Ltd,MARS Review,54.21.54.25,BH7 6EU,Annabel Beasley,Caledonian Ltd,No,Air Conditioning Installations,3,2023-08-23,2023-09-05,"13 days, 0:00:00",Authorised,N/A,Yes,hsrdc,WS3
28752284,3,KR Analytics Ltd,MARS Review,66.56.41.42,B68 8QG,Cassius Mullins,DASDA Ltd,Yes,Fall Protection Inspection,3,2023-12-25,2024-01-04,"10 days, 0:00:00",Rejected,No,No,fbiwi,WS3
22680385,1,KR Analytics Ltd,MARS Review,21.64.24.66,CV36 4LG,Cassius Mullins,German Ltd,Yes,General Inspection,3,2023-04-16,2023-04-30,"14 days, 0:00:00",Authorised,N/A,Yes,whlst,WS1
81110024,4,KR Analytics Ltd,MARS Review,21.61.11.21,BA11 6SF,Jazmine Mathis,Caledonian Ltd,Yes,Other Repairs,3,2024-03-27,2024-03-31,"4 days, 0:00:00",Rejected,No,No,crlvi,WS3
87294704,0,KR Analytics Ltd,MARS Review,36.31.51.31,GL6 7QH,Cassius Mullins,Elixir Ltd,Yes,Fall Protection Inspection,3,2023-06-14,2023-06-18,"4 days, 0:00:00",Authorised,N/A,Yes,jeuif,WS1
20052238,3,KR Analytics Ltd,MARS Review,61.33.22.15,GU46 6FX,Annabel Beasley,Arc Ltd,Yes,Asbestos Survey,3,2024-03-11,2024-03-18,"7 days, 0:00:00",Rejected,No,No,qmyqr,WS1
61820150,2,KR Analytics Ltd,MARS Review,16.53.65.35,EC2N 2JP,Chelsea Huber,MEKOS Ltd,No,Other Repairs,3,2024-03-16,2024-03-23,"7 days, 0:00:00",Rejected,Yes,No,yljfo,WS3
58069390,4,KR Analytics Ltd,MARS Review,12.11.43.45,CO10 8AR,Chelsea Huber,Centurion Ltd,Yes,General Inspection,3,2023-07-29,2023-08-03,"5 days, 0:00:00",Authorised,N/A,Yes,xqjar,WS3
79470704,0,KR Analytics Ltd,MARS Review,25.12.22.62,BS2 0SG,Alfredo Holmes,Caledonian Ltd,No,Fall Protection Inspection,3,2023-09-07,2023-09-13,"6 days, 0:00:00",Rejected,No,No,vqmtg,WS3
44922065,4,KR Analytics Ltd,MARS Review,33.52.41.56,DL12 9YS,Jazmine Mathis,Caledonian Ltd,No,Vent Repairs,3,2023-07-25,2023-07-28,"3 days, 0:00:00",Authorised,N/A,Yes,yuehp,WS1
54410022,1,KR Analytics Ltd,MARS Review,35.45.21.52,FK8 2QE,Cassius Mullins,Epiphany Ltd,No,Fall Protection Inspection,3,2023-06-12,2023-06-19,"7 days, 0:00:00",Rejected,Yes,No,smglh,WS1
61449815,4,KR Analytics Ltd,MARS Review,14.54.33.61,GU29 1AH,Cassius Mullins,Elixir Ltd,No,Asbestos Survey,3,2023-04-14,2023-04-27,"13 days, 0:00:00",Rejected,Yes,No,jhgah,WS1
60351348,0,KR Analytics Ltd,MARS Review,46.63.66.54,CB2 4QW,Kenny Merritt,Epiphany Ltd,Yes,Bird Netting Repair,3,2023-05-26,2023-06-04,"9 days, 0:00:00",Authorised,N/A,Yes,llxap,WS1
80208450,3,KR Analytics Ltd,MARS Review,25.52.25.62,CV35 7SZ,Cora Lindsey,Aboard Service Ltd,No,Fall Protection Inspection,3,2024-03-15,2024-03-17,"2 days, 0:00:00",Authorised,N/A,Yes,mawrw,WS3
93076388,4,KR Analytics Ltd,MARS Review,14.63.56.65,EH54 5FN,Chelsea Huber,Aboard Service Ltd,No,Roof repair,3,2024-03-27,2024-04-05,"9 days, 0:00:00",Authorised,N/A,Yes,qfqfa,WS1
44931164,1,KR Analytics Ltd,MARS Review,14.16.45.35,CB2 1AR,Cassius Mullins,Epiphany Ltd,No,Roof repair,3,2023-07-21,2023-08-02,"12 days, 0:00:00",Authorised,N/A,Yes,kxsnc,WS3
71623704,0,KR Analytics Ltd,MARS Review,25.23.56.42,B8 2XQ,Annabel Beasley,Aboard Service Ltd,No,Roof repair,3,2023-05-25,2023-05-29,"4 days, 0:00:00",Rejected,No,No,igxsd,WS3
46914705,2,KR Analytics Ltd,MARS Review,53.46.32.25,DD5 3SZ,Annabel Beasley,Arc Ltd,Yes,Bird Netting Repair,3,2023-07-08,2023-07-15,"7 days, 0:00:00",Authorised,N/A,Yes,emjyk,WS3
30084722,4,KR Analytics Ltd,MARS Review,42.66.62.45,G74 4DN,Cora Lindsey,Epiphany Ltd,No,Vent Repairs,3,2023-12-09,2023-12-10,"1 day, 0:00:00",Authorised,N/A,Yes,klyqr,WS1
38992884,4,KR Analytics Ltd,MARS Review,12.34.36.55,EC1Y 8QZ,Jazmine Mathis,German Ltd,No,General Inspection,3,2024-02-06,2024-02-10,"4 days, 0:00:00",Rejected,No,No,gawjo,WS1
56716708,2,KR Analytics Ltd,MARS Review,41.41.56.34,E16 1QF,Brayden Giles,Centurion Ltd,No,Asbestos Survey,3,2024-01-29,2024-02-01,"3 days, 0:00:00",Authorised,N/A,Yes,ybbsz,WS3
51468269,2,KR Analytics Ltd,MARS Review,41.43.35.26,DA12 1JS,Alfredo Holmes,Caledonian Ltd,No,Heating Installations,3,2023-12-28,2024-01-09,"12 days, 0:00:00",Rejected,Yes,No,kpdoo,WS1
25516356,4,KR Analytics Ltd,MARS Review,25.13.63.43,BH1 9HZ,Brayden Giles,Aboard Service Ltd,No,Other Repairs,3,2023-12-02,2023-12-05,"3 days, 0:00:00",Authorised,N/A,Yes,krkgm,WS1
52447758,2,KR Analytics Ltd,MARS Review,33.23.42.31,AL7 2LF,Cassius Mullins,Elixir Ltd,Yes,Fall Protection Inspection,3,2023-04-07,2023-04-12,"5 days, 0:00:00",Authorised,N/A,Yes,aduir,WS3
83847313,2,KR Analytics Ltd,MARS Review,23.41.36.26,DD5 3TR,Annabel Beasley,Elixir Ltd,Yes,General Inspection,3,2023-12-07,2023-12-19,"12 days, 0:00:00",Authorised,N/A,Yes,ubban,WS3
79142998,3,KR Analytics Ltd,MARS Review,43.22.62.23,AL5 1NE,Brayden Giles,Epiphany Ltd,No,General Inspection,3,2023-07-12,2023-07-19,"7 days, 0:00:00",Authorised,N/A,Yes,ldwfp,WS1
37978020,0,KR Analytics Ltd,MARS Review,62.65.25.15,E1 6RR,Chelsea Huber,Caledonian Ltd,No,Other Repairs,3,2023-05-22,2023-06-01,"10 days, 0:00:00",Authorised,N/A,Yes,knwhu,WS1
07439401,2,KR Analytics Ltd,MARS Review,15.35.16.43,EH9 1UL,Cora Lindsey,MEKOS Ltd,No,Air Conditioning Installations,3,2024-01-12,2024-01-16,"4 days, 0:00:00",Rejected,No,No,jxdrl,WS3
12722711,0,KR Analytics Ltd,MARS Review,25.42.46.64,G51 1SL,Chelsea Huber,MEKOS Ltd,No,Other Repairs,3,2024-01-07,2024-01-20,"13 days, 0:00:00",Authorised,N/A,Yes,elwal,WS3
90702832,0,KR Analytics Ltd,MARS Review,15.14.14.45,E2 9NR,Kenny Merritt,Elixir Ltd,Yes,Air Conditioning Installations,3,2023-12-30,2024-01-01,"2 days, 0:00:00",Rejected,Yes,No,ikftg,WS3
20948096,3,KR Analytics Ltd,MARS Review,36.21.23.51,CF40 1SN,Kenny Merritt,MEKOS Ltd,Yes,Asbestos Survey,3,2023-11-04,2023-11-13,"9 days, 0:00:00",Authorised,N/A,Yes,qpyho,WS1
14214766,1,KR Analytics Ltd,MARS Review,61.66.31.42,CH1 1HU,Annabel Beasley,Aboard Service Ltd,No,Vent Repairs,3,2024-03-19,2024-04-02,"14 days, 0:00:00",Rejected,Yes,No,ltlve,WS3
09962193,4,KR Analytics Ltd,MARS Review,14.26.63.53,BT5 5DA,Jazmine Mathis,Aboard Service Ltd,No,Air Conditioning Installations,3,2023-07-06,2023-07-09,"3 days, 0:00:00",Rejected,Yes,No,wildm,WS1
23391614,2,KR Analytics Ltd,MARS Review,24.14.62.23,B14 7DH,Brayden Giles,Elixir Ltd,Yes,Asbestos Survey,3,2023-05-28,2023-06-03,"6 days, 0:00:00",Authorised,N/A,Yes,hbtbu,WS3
80731568,0,KR Analytics Ltd,MARS Review,35.34.44.55,CW11 9DQ,Marcos Mcpherson,Aboard Service Ltd,Yes,Fall Protection Inspection,3,2024-01-28,2024-01-29,"1 day, 0:00:00",Authorised,N/A,Yes,kkzfs,WS3
07117495,0,KR Analytics Ltd,MARS Review,15.44.23.53,E4 6UG,Annabel Beasley,Epiphany Ltd,No,Air Conditioning Installations,3,2024-01-30,2024-02-01,"2 days, 0:00:00",Rejected,No,No,flmmt,WS1
44452262,1,KR Analytics Ltd,MARS Review,15.36.24.61,BL9 6RX,Cora Lindsey,Centurion Ltd,Yes,Fall Protection Inspection,3,2023-04-15,2023-04-25,"10 days, 0:00:00",Rejected,No,No,xyeub,WS3
64668819,4,KR Analytics Ltd,MARS Review,63.31.25.31,CR0 1EQ,Alfredo Holmes,DASDA Ltd,No,Air Conditioning Installations,3,2023-12-22,2023-12-24,"2 days, 0:00:00",Rejected,Yes,No,pznsp,WS3
33512441,0,KR Analytics Ltd,MARS Review,64.35.56.42,EN5 5TD,Brayden Giles,Centurion Ltd,No,Asbestos Survey,3,2024-02-20,2024-02-22,"2 days, 0:00:00",Authorised,N/A,Yes,yniwo,WS1
62897367,2,KR Analytics Ltd,MARS Review,55.13.64.65,CR7 7NQ,Annabel Beasley,Elixir Ltd,No,Asbestos Survey,3,2024-03-01,2024-03-14,"13 days, 0:00:00",Rejected,No,No,nagke,WS1
22099593,1,KR Analytics Ltd,MARS Review,12.41.43.56,G3 8QJ,Brayden Giles,MEKOS Ltd,No,Fall Protection Inspection,3,2023-09-21,2023-09-25,"4 days, 0:00:00",Rejected,Yes,No,ujpsk,WS3
64798344,3,KR Analytics Ltd,MARS Review,65.61.34.16,G66 5DT,Kenny Merritt,Aboard Service Ltd,Yes,Other Repairs,3,2023-05-03,2023-05-09,"6 days, 0:00:00",Rejected,No,No,mpjxe,WS1
76066167,0,KR Analytics Ltd,MARS Review,51.13.31.63,BL1 3FG,Cora Lindsey,Arc Ltd,No,Roof repair,3,2023-09-04,2023-09-15,"11 days, 0:00:00",Authorised,N/A,Yes,flhmu,WS3
53565695,1,KR Analytics Ltd,MARS Review,11.51.46.14,G63 0HW,Cora Lindsey,Elixir Ltd,Yes,Roof repair,3,2023-12-07,2023-12-16,"9 days, 0:00:00",Authorised,N/A,Yes,csvqa,WS1
79341965,3,KR Analytics Ltd,MARS Review,21.61.55.42,DD11 5RU,Tate Benjamin,German Ltd,Yes,Fall Protection Inspection,3,2023-04-03,2023-04-13,"10 days, 0:00:00",Rejected,No,No,dyvzu,WS1
93952418,2,KR Analytics Ltd,MARS Review,64.65.63.55,BN2 1WJ,Alfredo Holmes,German Ltd,Yes,Asbestos Survey,3,2023-04-10,2023-04-14,"4 days, 0:00:00",Authorised,N/A,Yes,ioqxh,WS1
79366184,4,KR Analytics Ltd,MARS Review,61.25.16.31,B98 9NF,Cassius Mullins,Arc Ltd,Yes,Asbestos Survey,3,2024-02-22,2024-03-07,"14 days, 0:00:00",Authorised,N/A,Yes,vfwdp,WS3
32757298,4,KR Analytics Ltd,MARS Review,25.43.51.12,DE23 8RW,Alfredo Holmes,Centurion Ltd,Yes,Fall Protection Inspection,3,2023-07-05,2023-07-16,"11 days, 0:00:00",Rejected,Yes,No,qvbhn,WS3
14876851,4,KR Analytics Ltd,MARS Review,42.22.32.26,AB39 3XH,Chelsea Huber,DASDA Ltd,No,Air Conditioning Installations,3,2024-02-26,2024-03-03,"6 days, 0:00:00",Authorised,N/A,Yes,nfhax,WS3
95403181,3,KR Analytics Ltd,MARS Review,52.51.16.35,BB12 0LT,Cassius Mullins,Aboard Service Ltd,Yes,General Inspection,3,2023-08-23,2023-09-03,"11 days, 0:00:00",Authorised,N/A,Yes,zvmeg,WS3
68612278,0,KR Analytics Ltd,MARS Review,23.56.41.22,EH46 7DS,Kenny Merritt,Epiphany Ltd,No,Asbestos Survey,3,2023-08-16,2023-08-28,"12 days, 0:00:00",Authorised,N/A,Yes,gkpjb,WS3
47728097,1,KR Analytics Ltd,MARS Review,16.62.35.45,E8 4UG,Marcos Mcpherson,Aboard Service Ltd,Yes,Roof repair,3,2023-08-30,2023-09-03,"4 days, 0:00:00",Rejected,Yes,No,xsxbf,WS3
45655840,3,KR Analytics Ltd,MARS Review,53.11.61.32,B76 8HT,Annabel Beasley,DASDA Ltd,No,Other Repairs,3,2023-08-01,2023-08-06,"5 days, 0:00:00",Authorised,N/A,Yes,dbuov,WS1
21932334,3,KR Analytics Ltd,MARS Review,45.32.46.24,BS34 9JZ,Brayden Giles,Centurion Ltd,Yes,General Inspection,3,2023-10-17,2023-10-25,"8 days, 0:00:00",Authorised,N/A,Yes,vgwua,WS3
63523652,4,KR Analytics Ltd,MARS Review,51.54.24.62,BT40 1RQ,Cassius Mullins,Centurion Ltd,Yes,Heating Installations,3,2023-06-17,2023-06-23,"6 days, 0:00:00",Rejected,Yes,No,ynmsp,WS3
50758577,2,KR Analytics Ltd,MARS Review,34.25.61.21,E14 4DB,Cassius Mullins,Centurion Ltd,No,Bird Netting Repair,3,2023-12-01,2023-12-02,"1 day, 0:00:00",Authorised,N/A,Yes,lxjli,WS3
39332424,4,KR Analytics Ltd,MARS Review,26.41.35.61,G13 1XL,Marcos Mcpherson,Elixir Ltd,Yes,Other Repairs,3,2023-11-07,2023-11-09,"2 days, 0:00:00",Authorised,N/A,Yes,mothe,WS1
40921916,0,KR Analytics Ltd,MARS Review,56.65.12.14,EX7 0XQ,Marcos Mcpherson,MEKOS Ltd,Yes,Roof repair,3,2023-06-12,2023-06-16,"4 days, 0:00:00",Authorised,N/A,Yes,lxmfc,WS3
48428717,0,KR Analytics Ltd,MARS Review,43.31.24.12,B30 2TT,Cora Lindsey,DASDA Ltd,Yes,Vent Repairs,3,2023-07-25,2023-07-26,"1 day, 0:00:00",Rejected,Yes,No,wrnau,WS3
36674159,1,KR Analytics Ltd,MARS Review,22.25.63.43,E7 9WE,Marcos Mcpherson,MEKOS Ltd,No,Asbestos Survey,3,2023-10-29,2023-11-02,"4 days, 0:00:00",Authorised,N/A,Yes,vfogq,WS3
68009500,1,KR Analytics Ltd,MARS Review,65.44.34.25,B67 5LG,Chelsea Huber,Elixir Ltd,No,Asbestos Survey,3,2023-09-10,2023-09-12,"2 days, 0:00:00",Rejected,Yes,No,ahhxp,WS3
41644055,3,KR Analytics Ltd,MARS Review,46.14.21.53,BT92 4QA,Cora Lindsey,Caledonian Ltd,No,Bird Netting Repair,3,2023-07-26,2023-08-02,"7 days, 0:00:00",Authorised,N/A,Yes,jbaqb,WS1
47423000,0,KR Analytics Ltd,MARS Review,24.25.62.53,HP16 9SD,Annabel Beasley,Arc Ltd,Yes,Roof repair,3,2023-05-04,2023-05-13,"9 days, 0:00:00",Authorised,N/A,Yes,mskij,WS1
28879231,1,KR Analytics Ltd,MARS Review,32.46.55.44,E17 5JB,Tate Benjamin,Elixir Ltd,Yes,Other Repairs,3,2023-11-07,2023-11-12,"5 days, 0:00:00",Rejected,Yes,No,hczcv,WS1
72645636,0,KR Analytics Ltd,MARS Review,61.32.51.11,GU8 4JB,Kenny Merritt,MEKOS Ltd,No,Fall Protection Inspection,3,2023-11-04,2023-11-06,"2 days, 0:00:00",Authorised,N/A,Yes,sqipo,WS1
14737500,4,KR Analytics Ltd,MARS Review,35.24.12.62,G31 2SB,Jazmine Mathis,Aboard Service Ltd,Yes,Heating Installations,3,2023-05-08,2023-05-10,"2 days, 0:00:00",Rejected,No,No,nmrkh,WS1
77235228,3,KR Analytics Ltd,MARS Review,43.11.35.51,DY1 9ET,Brayden Giles,Epiphany Ltd,No,Air Conditioning Installations,3,2023-05-27,2023-06-06,"10 days, 0:00:00",Authorised,N/A,Yes,yzlbk,WS1
89898614,2,KR Analytics Ltd,MARS Review,33.31.42.23,DN31 2AJ,Tate Benjamin,Arc Ltd,No,Asbestos Survey,3,2023-04-13,2023-04-21,"8 days, 0:00:00",Authorised,N/A,Yes,mhkkc,WS1
36361510,2,KR Analytics Ltd,MARS Review,66.32.42.15,HA5 3YX,Tate Benjamin,Centurion Ltd,No,General Inspection,3,2023-09-29,2023-10-04,"5 days, 0:00:00",Rejected,No,No,vvmxi,WS1
11575862,2,KR Analytics Ltd,MARS Review,65.35.34.54,B68 0BL,Kenny Merritt,MEKOS Ltd,Yes,Fall Protection Inspection,3,2024-01-26,2024-02-09,"14 days, 0:00:00",Authorised,N/A,Yes,msygs,WS1
72940121,2,KR Analytics Ltd,MARS Review,16.31.14.35,BS34 7NJ,Kenny Merritt,Elixir Ltd,No,Heating Installations,3,2023-10-09,2023-10-22,"13 days, 0:00:00",Rejected,No,No,sndmq,WS3
12208490,3,KR Analytics Ltd,MARS Review,35.15.55.51,GL4 5EX,Kenny Merritt,Arc Ltd,No,Bird Netting Repair,3,2023-10-03,2023-10-05,"2 days, 0:00:00",Rejected,No,No,wxpur,WS1
64321120,1,KR Analytics Ltd,MARS Review,22.46.35.22,BT93 3BW,Annabel Beasley,Arc Ltd,Yes,General Inspection,3,2023-11-09,2023-11-15,"6 days, 0:00:00",Authorised,N/A,Yes,xfvlm,WS1
24088337,3,KR Analytics Ltd,MARS Review,11.66.11.33,HA5 2RX,Tate Benjamin,Aboard Service Ltd,Yes,Heating Installations,3,2023-06-13,2023-06-23,"10 days, 0:00:00",Rejected,Yes,No,bohlz,WS3
12033682,0,KR Analytics Ltd,MARS Review,42.46.32.46,CA6 4NH,Annabel Beasley,Arc Ltd,Yes,Vent Repairs,3,2023-05-13,2023-05-21,"8 days, 0:00:00",Authorised,N/A,Yes,xautk,WS3
02367204,3,KR Analytics Ltd,MARS Review,32.15.34.32,BA5 1LN,Chelsea Huber,Epiphany Ltd,No,Heating Installations,3,2023-05-15,2023-05-28,"13 days, 0:00:00",Authorised,N/A,Yes,mwapn,WS3
42138690,0,KR Analytics Ltd,MARS Review,34.63.16.23,CV12 8ZT,Jazmine Mathis,Elixir Ltd,No,Roof repair,3,2023-09-20,2023-09-26,"6 days, 0:00:00",Rejected,No,No,colyr,WS3
73994756,0,KR Analytics Ltd,MARS Review,42.24.46.54,CH4 7EB,Brayden Giles,Arc Ltd,Yes,Vent Repairs,3,2023-11-05,2023-11-06,"1 day, 0:00:00",Rejected,Yes,No,lqxgl,WS1
13331308,1,KR Analytics Ltd,MARS Review,34.36.51.46,DA13 0NS,Cora Lindsey,Epiphany Ltd,No,Roof repair,3,2024-02-06,2024-02-12,"6 days, 0:00:00",Authorised,N/A,Yes,arace,WS1
39998651,2,KR Analytics Ltd,MARS Review,64.53.12.31,GL1 9JJ,Annabel Beasley,Epiphany Ltd,No,Asbestos Survey,3,2023-08-12,2023-08-18,"6 days, 0:00:00",Rejected,Yes,No,kezoi,WS1
17520402,0,KR Analytics Ltd,MARS Review,22.46.46.26,GU1 1BY,Kenny Merritt,Epiphany Ltd,No,Roof repair,3,2023-08-31,2023-09-14,"14 days, 0:00:00",Authorised,N/A,Yes,rwdot,WS3
35432281,4,KR Analytics Ltd,MARS Review,62.14.15.31,B77 4BJ,Jazmine Mathis,Aboard Service Ltd,No,Bird Netting Repair,3,2024-02-18,2024-02-27,"9 days, 0:00:00",Authorised,N/A,Yes,bahbq,WS3
21481333,1,KR Analytics Ltd,MARS Review,55.22.14.61,CH43 4UE,Jazmine Mathis,Centurion Ltd,No,Other Repairs,3,2023-10-25,2023-11-02,"8 days, 0:00:00",Authorised,N/A,Yes,bhghs,WS3
97955848,1,KR Analytics Ltd,MARS Review,53.42.51.23,AL10 8AH,Chelsea Huber,Epiphany Ltd,No,Bird Netting Repair,3,2023-07-19,2023-07-29,"10 days, 0:00:00",Rejected,Yes,No,pzfjs,WS3
93386593,1,KR Analytics Ltd,MARS Review,44.43.51.32,CF63 1JG,Kenny Merritt,Arc Ltd,Yes,Heating Installations,3,2024-01-08,2024-01-14,"6 days, 0:00:00",Rejected,No,No,tjriy,WS1
73548831,1,KR Analytics Ltd,MARS Review,64.31.25.16,E17 3AW,Jazmine Mathis,DASDA Ltd,Yes,Vent Repairs,3,2023-04-05,2023-04-14,"9 days, 0:00:00",Rejected,Yes,No,ahvxw,WS1
74936670,1,KR Analytics Ltd,MARS Review,52.33.25.21,HA0 1ED,Kenny Merritt,Caledonian Ltd,No,Heating Installations,3,2023-11-26,2023-12-01,"5 days, 0:00:00",Rejected,Yes,No,irhzi,WS1
39606795,1,KR Analytics Ltd,MARS Review,23.13.45.35,G74 4GH,Alfredo Holmes,Epiphany Ltd,No,Heating Installations,3,2024-01-26,2024-02-07,"12 days, 0:00:00",Rejected,Yes,No,xiozs,WS1
53669965,0,KR Analytics Ltd,MARS Review,14.33.56.44,B31 4JX,Kenny Merritt,Arc Ltd,No,Heating Installations,3,2024-03-12,2024-03-22,"10 days, 0:00:00",Authorised,N/A,Yes,dolii,WS1
90719732,3,KR Analytics Ltd,MARS Review,42.66.12.13,DA12 2FB,Annabel Beasley,Arc Ltd,No,Roof repair,3,2023-06-01,2023-06-04,"3 days, 0:00:00",Rejected,Yes,No,yondy,WS3
51018287,2,KR Analytics Ltd,MARS Review,46.51.62.33,BA11 5JG,Marcos Mcpherson,Arc Ltd,Yes,Fall Protection Inspection,3,2023-05-21,2023-05-28,"7 days, 0:00:00",Rejected,Yes,No,jhyhx,WS1
38601596,1,KR Analytics Ltd,MARS Review,34.66.44.14,HA5 4PZ,Marcos Mcpherson,Epiphany Ltd,No,Roof repair,3,2024-02-19,2024-03-01,"11 days, 0:00:00",Rejected,No,No,vlfra,WS3
84868212,0,KR Analytics Ltd,MARS Review,24.22.43.33,GU11 2AF,Brayden Giles,Caledonian Ltd,Yes,Other Repairs,3,2023-12-10,2023-12-15,"5 days, 0:00:00",Authorised,N/A,Yes,muntj,WS1
52983362,1,KR Analytics Ltd,MARS Review,32.15.16.23,DH4 6FH,Cora Lindsey,DASDA Ltd,Yes,Fall Protection Inspection,3,2024-01-06,2024-01-14,"8 days, 0:00:00",Authorised,N/A,Yes,kbymb,WS3
75890780,2,KR Analytics Ltd,MARS Review,13.45.32.22,FK19 8PE,Marcos Mcpherson,German Ltd,Yes,Fall Protection Inspection,3,2023-06-27,2023-07-03,"6 days, 0:00:00",Rejected,No,No,iccea,WS3
94936734,0,KR Analytics Ltd,MARS Review,25.26.52.14,AB51 4FE,Cora Lindsey,Epiphany Ltd,Yes,Air Conditioning Installations,3,2023-05-29,2023-06-04,"6 days, 0:00:00",Authorised,N/A,Yes,zaolm,WS3
35989209,1,KR Analytics Ltd,MARS Review,41.33.43.24,BD1 9JQ,Annabel Beasley,Arc Ltd,No,Heating Installations,3,2023-05-06,2023-05-09,"3 days, 0:00:00",Authorised,N/A,Yes,tphpg,WS1
28178067,0,KR Analytics Ltd,MARS Review,52.36.22.32,B77 1AL,Cora Lindsey,Centurion Ltd,No,Fall Protection Inspection,3,2023-05-28,2023-06-05,"8 days, 0:00:00",Authorised,N/A,Yes,wqdht,WS1
22565553,0,KR Analytics Ltd,MARS Review,21.46.42.36,DA15 9BN,Marcos Mcpherson,Elixir Ltd,Yes,Bird Netting Repair,3,2024-01-20,2024-01-31,"11 days, 0:00:00",Authorised,N/A,Yes,sjels,WS3
08954766,1,KR Analytics Ltd,MARS Review,36.23.11.61,BH21 2YX,Chelsea Huber,Epiphany Ltd,Yes,Other Repairs,3,2023-11-13,2023-11-24,"11 days, 0:00:00",Authorised,N/A,Yes,qyayr,WS1
44525956,3,KR Analytics Ltd,MARS Review,52.65.44.43,CV2 2RR,Chelsea Huber,DASDA Ltd,No,Asbestos Survey,3,2023-09-05,2023-09-18,"13 days, 0:00:00",Authorised,N/A,Yes,jkvds,WS3
33964716,1,KR Analytics Ltd,MARS Review,14.11.15.65,EH6 6EA,Marcos Mcpherson,German Ltd,No,Air Conditioning Installations,3,2023-07-28,2023-08-05,"8 days, 0:00:00",Authorised,N/A,Yes,keesm,WS1
73110090,0,KR Analytics Ltd,MARS Review,16.66.42.14,CO10 7JR,Kenny Merritt,DASDA Ltd,Yes,Air Conditioning Installations,3,2023-09-03,2023-09-12,"9 days, 0:00:00",Rejected,No,No,vvile,WS3
73334270,2,KR Analytics Ltd,MARS Review,56.22.44.25,DL2 3DN,Annabel Beasley,Epiphany Ltd,Yes,General Inspection,3,2024-02-26,2024-03-06,"9 days, 0:00:00",Rejected,Yes,No,kktdi,WS1
31140915,4,KR Analytics Ltd,MARS Review,34.56.31.31,AB9 8YT,Kenny Merritt,Centurion Ltd,No,Air Conditioning Installations,3,2024-01-07,2024-01-12,"5 days, 0:00:00",Rejected,No,No,cbpzi,WS1
97342005,1,KR Analytics Ltd,MARS Review,56.43.45.31,EC50 4SU,Cassius Mullins,Epiphany Ltd,Yes,Asbestos Survey,3,2023-07-24,2023-08-03,"10 days, 0:00:00",Rejected,No,No,qpveq,WS1
99830282,4,KR Analytics Ltd,MARS Review,16.34.54.42,CF31 4JY,Tate Benjamin,MEKOS Ltd,No,Heating Installations,3,2023-10-09,2023-10-20,"11 days, 0:00:00",Authorised,N/A,Yes,kvduv,WS3
20861329,3,KR Analytics Ltd,MARS Review,64.51.64.11,CH25 9AX,Tate Benjamin,German Ltd,Yes,Asbestos Survey,3,2024-02-08,2024-02-22,"14 days, 0:00:00",Authorised,N/A,Yes,qepzf,WS3
75533208,2,KR Analytics Ltd,MARS Review,14.11.42.14,GU21 3LG,Jazmine Mathis,Caledonian Ltd,No,Heating Installations,3,2023-12-09,2023-12-20,"11 days, 0:00:00",Rejected,No,No,iumwz,WS1
34690638,2,KR Analytics Ltd,MARS Review,12.34.65.33,BT12 5BE,Chelsea Huber,Aboard Service Ltd,Yes,Asbestos Survey,3,2023-12-24,2024-01-06,"13 days, 0:00:00",Rejected,Yes,No,otfso,WS1
42991091,3,KR Analytics Ltd,MARS Review,46.42.46.45,BN10 7EB,Kenny Merritt,Epiphany Ltd,Yes,Fall Protection Inspection,3,2023-12-04,2023-12-09,"5 days, 0:00:00",Rejected,No,No,kebyg,WS3
51297949,2,KR Analytics Ltd,MARS Review,55.12.13.26,EH55 8HN,Marcos Mcpherson,German Ltd,No,Vent Repairs,3,2023-09-19,2023-09-29,"10 days, 0:00:00",Authorised,N/A,Yes,fnlyh,WS1
55939125,2,KR Analytics Ltd,MARS Review,32.63.61.22,AB41 0HG,Cassius Mullins,German Ltd,Yes,Asbestos Survey,3,2023-08-27,2023-09-08,"12 days, 0:00:00",Authorised,N/A,Yes,ctemo,WS1
12524319,4,KR Analytics Ltd,MARS Review,31.23.35.62,DN22 9XJ,Annabel Beasley,Epiphany Ltd,Yes,Asbestos Survey,3,2023-04-02,2023-04-09,"7 days, 0:00:00",Authorised,N/A,Yes,trgxd,WS3
44372321,0,KR Analytics Ltd,MARS Review,42.41.63.23,CO6 4SP,Jazmine Mathis,Epiphany Ltd,No,Air Conditioning Installations,3,2023-12-04,2023-12-05,"1 day, 0:00:00",Rejected,Yes,No,gpukt,WS3
28120861,4,KR Analytics Ltd,MARS Review,36.32.44.54,DE21 6XZ,Chelsea Huber,DASDA Ltd,No,General Inspection,3,2024-01-08,2024-01-21,"13 days, 0:00:00",Rejected,No,No,bichp,WS1
76303188,3,KR Analytics Ltd,MARS Review,55.42.12.24,GL50 1XX,Chelsea Huber,DASDA Ltd,Yes,Air Conditioning Installations,3,2023-04-27,2023-05-07,"10 days, 0:00:00",Authorised,N/A,Yes,rwljx,WS1
89833215,1,KR Analytics Ltd,MARS Review,21.63.25.61,BA4 6RZ,Jazmine Mathis,Aboard Service Ltd,Yes,Fall Protection Inspection,3,2024-02-03,2024-02-16,"13 days, 0:00:00",Rejected,Yes,No,tqlwk,WS3
35336511,1,KR Analytics Ltd,MARS Review,66.24.31.43,HP22 5XX,Chelsea Huber,Epiphany Ltd,Yes,Roof repair,3,2024-03-09,2024-03-18,"9 days, 0:00:00",Authorised,N/A,Yes,gohlw,WS1
69391019,2,KR Analytics Ltd,MARS Review,31.22.25.42,GL4 9BJ,Marcos Mcpherson,Caledonian Ltd,No,Asbestos Survey,3,2023-08-17,2023-08-29,"12 days, 0:00:00",Rejected,No,No,iotxl,WS3
23616572,2,KR Analytics Ltd,MARS Review,51.34.32.22,CO5 8RU,Marcos Mcpherson,Aboard Service Ltd,No,Air Conditioning Installations,3,2023-05-27,2023-05-31,"4 days, 0:00:00",Authorised,N/A,Yes,fwnqa,WS1
82452976,1,KR Analytics Ltd,MARS Review,62.36.45.44,FY2 9TS,Kenny Merritt,Elixir Ltd,Yes,Other Repairs,3,2023-09-20,2023-09-27,"7 days, 0:00:00",Authorised,N/A,Yes,akdiz,WS1
25096047,2,KR Analytics Ltd,MARS Review,41.14.23.55,B45 8LE,Jazmine Mathis,German Ltd,No,Air Conditioning Installations,3,2024-01-05,2024-01-18,"13 days, 0:00:00",Authorised,N/A,Yes,bjdsm,WS1
43680977,0,KR Analytics Ltd,MARS Review,33.21.55.15,BR2 8DP,Kenny Merritt,MEKOS Ltd,Yes,Bird Netting Repair,3,2023-10-31,2023-11-06,"6 days, 0:00:00",Rejected,No,No,tsctv,WS1
26265189,0,KR Analytics Ltd,MARS Review,16.65.24.11,G81 5PJ,Alfredo Holmes,German Ltd,Yes,Other Repairs,3,2024-03-15,2024-03-29,"14 days, 0:00:00",Authorised,N/A,Yes,qlibd,WS1
99833543,2,KR Analytics Ltd,MARS Review,34.62.65.46,GU5 0XA,Cora Lindsey,MEKOS Ltd,No,Vent Repairs,3,2023-05-24,2023-06-06,"13 days, 0:00:00",Authorised,N/A,Yes,lmqfy,WS3
62698361,2,KR Analytics Ltd,MARS Review,12.65.15.33,B49 6EN,Marcos Mcpherson,Elixir Ltd,No,Air Conditioning Installations,3,2023-08-05,2023-08-15,"10 days, 0:00:00",Authorised,N/A,Yes,jmbqz,WS3
43277463,3,KR Analytics Ltd,MARS Review,54.51.43.55,CB3 8BX,Alfredo Holmes,Centurion Ltd,Yes,Roof repair,3,2024-03-23,2024-03-27,"4 days, 0:00:00",Authorised,N/A,Yes,cvmfb,WS3
72194328,2,KR Analytics Ltd,MARS Review,61.23.62.42,AB9 6ES,Annabel Beasley,Elixir Ltd,No,General Inspection,3,2023-07-30,2023-08-01,"2 days, 0:00:00",Authorised,N/A,Yes,wyrja,WS3
70559520,3,KR Analytics Ltd,MARS Review,33.61.35.61,E17 0WN,Annabel Beasley,Centurion Ltd,Yes,Asbestos Survey,3,2023-12-06,2023-12-12,"6 days, 0:00:00",Authorised,N/A,Yes,divrb,WS1
48022603,2,KR Analytics Ltd,MARS Review,21.14.21.31,CH44 8BA,Marcos Mcpherson,Arc Ltd,Yes,Fall Protection Inspection,3,2023-11-14,2023-11-17,"3 days, 0:00:00",Authorised,N/A,Yes,ahmsd,WS1
45295801,2,KR Analytics Ltd,MARS Review,41.11.66.43,BS9 2LR,Brayden Giles,Caledonian Ltd,Yes,Roof repair,3,2024-01-12,2024-01-24,"12 days, 0:00:00",Rejected,Yes,No,jirwp,WS1
62529521,3,KR Analytics Ltd,MARS Review,56.53.12.64,EH7 4BT,Cassius Mullins,German Ltd,No,Asbestos Survey,3,2023-08-16,2023-08-18,"2 days, 0:00:00",Authorised,N/A,Yes,fnbmd,WS3
12545490,1,KR Analytics Ltd,MARS Review,33.46.16.14,DA8 2ET,Brayden Giles,Arc Ltd,No,Heating Installations,3,2023-11-30,2023-12-09,"9 days, 0:00:00",Authorised,N/A,Yes,zyewa,WS1
86807770,4,KR Analytics Ltd,MARS Review,66.23.44.15,DN16 3BW,Alfredo Holmes,Arc Ltd,No,Heating Installations,3,2024-02-23,2024-03-04,"10 days, 0:00:00",Authorised,N/A,Yes,rztms,WS3
86797546,0,KR Analytics Ltd,MARS Review,32.15.23.16,AB42 4YH,Cora Lindsey,DASDA Ltd,No,Heating Installations,3,2024-02-09,2024-02-10,"1 day, 0:00:00",Authorised,N/A,Yes,bvbrt,WS1
06307328,0,KR Analytics Ltd,MARS Review,35.41.45.61,BS30 5RS,Brayden Giles,MEKOS Ltd,No,Vent Repairs,3,2023-07-26,2023-08-07,"12 days, 0:00:00",Authorised,N/A,Yes,lqkth,WS3
81581003,3,KR Analytics Ltd,MARS Review,45.55.42.34,CO9 2TY,Alfredo Holmes,Epiphany Ltd,No,Roof repair,3,2023-11-22,2023-12-03,"11 days, 0:00:00",Rejected,Yes,No,hjddf,WS1
93491518,3,KR Analytics Ltd,MARS Review,45.53.33.62,G20 6ET,Alfredo Holmes,German Ltd,Yes,Other Repairs,3,2024-01-28,2024-02-03,"6 days, 0:00:00",Authorised,N/A,Yes,fcwyv,WS3
25625692,0,KR Analytics Ltd,MARS Review,21.36.33.23,DT2 8AD,Marcos Mcpherson,Epiphany Ltd,No,Bird Netting Repair,3,2023-06-02,2023-06-09,"7 days, 0:00:00",Authorised,N/A,Yes,yglcw,WS3
91573218,3,KR Analytics Ltd,MARS Review,34.34.32.11,EH19 3EJ,Alfredo Holmes,DASDA Ltd,Yes,Roof repair,3,2023-09-15,2023-09-19,"4 days, 0:00:00",Authorised,N/A,Yes,oblnc,WS3
86325013,2,KR Analytics Ltd,MARS Review,34.43.35.24,HP19 8UE,Cora Lindsey,MEKOS Ltd,No,Bird Netting Repair,3,2023-08-28,2023-09-01,"4 days, 0:00:00",Authorised,N/A,Yes,kbmar,WS3
57022285,3,KR Analytics Ltd,MARS Review,13.66.61.16,G51 4JY,Jazmine Mathis,Aboard Service Ltd,No,Heating Installations,3,2023-07-12,2023-07-24,"12 days, 0:00:00",Rejected,Yes,No,jlora,WS3
78922915,2,KR Analytics Ltd,MARS Review,22.51.62.54,CF14 2PP,Cassius Mullins,Elixir Ltd,No,Vent Repairs,3,2023-11-21,2023-11-26,"5 days, 0:00:00",Rejected,Yes,No,mlbie,WS3
56674550,3,KR Analytics Ltd,MARS Review,61.13.21.64,AB42 6US,Cassius Mullins,Centurion Ltd,No,Bird Netting Repair,3,2024-03-16,2024-03-17,"1 day, 0:00:00",Authorised,N/A,Yes,znsmx,WS3
84160773,3,KR Analytics Ltd,MARS Review,13.22.66.52,BA22 7EQ,Brayden Giles,Arc Ltd,Yes,Roof repair,3,2023-04-30,2023-05-08,"8 days, 0:00:00",Rejected,No,No,kcroa,WS3
32825407,1,KR Analytics Ltd,MARS Review,12.62.13.34,CH5 4LY,Cassius Mullins,Caledonian Ltd,No,Fall Protection Inspection,3,2023-04-28,2023-05-04,"6 days, 0:00:00",Authorised,N/A,Yes,ppsbu,WS3
53713181,3,KR Analytics Ltd,MARS Review,62.32.56.21,BT41 2LD,Kenny Merritt,DASDA Ltd,Yes,Roof repair,3,2024-02-14,2024-02-23,"9 days, 0:00:00",Rejected,Yes,No,skudr,WS3
60109473,0,KR Analytics Ltd,MARS Review,15.62.61.42,AB5 0QQ,Alfredo Holmes,DASDA Ltd,No,Asbestos Survey,3,2023-10-24,2023-11-05,"12 days, 0:00:00",Rejected,No,No,ivkwp,WS3
10038872,1,KR Analytics Ltd,MARS Review,44.13.22.42,B33 3BQ,Jazmine Mathis,Caledonian Ltd,Yes,General Inspection,3,2023-11-08,2023-11-14,"6 days, 0:00:00",Authorised,N/A,Yes,kmhsz,WS3
35045118,4,KR Analytics Ltd,MARS Review,45.35.35.13,G34 9QG,Jazmine Mathis,Elixir Ltd,Yes,General Inspection,3,2023-04-14,2023-04-25,"11 days, 0:00:00",Authorised,N/A,Yes,soeho,WS1
89695194,1,KR Analytics Ltd,MARS Review,12.31.46.15,BT36 9FN,Jazmine Mathis,Aboard Service Ltd,Yes,Vent Repairs,3,2024-01-11,2024-01-22,"11 days, 0:00:00",Authorised,N/A,Yes,aiwyp,WS1
92027564,1,KR Analytics Ltd,MARS Review,54.13.33.51,CF6 7BW,Chelsea Huber,MEKOS Ltd,Yes,Asbestos Survey,3,2023-04-19,2023-04-20,"1 day, 0:00:00",Rejected,Yes,No,dlijl,WS1
94014087,4,KR Analytics Ltd,MARS Review,14.36.25.22,GL7 6PE,Cassius Mullins,German Ltd,No,General Inspection,3,2023-07-09,2023-07-16,"7 days, 0:00:00",Rejected,Yes,No,fvceo,WS1
72943556,2,KR Analytics Ltd,MARS Review,51.36.33.11,CB5 8PF,Brayden Giles,Aboard Service Ltd,Yes,Air Conditioning Installations,3,2023-06-13,2023-06-22,"9 days, 0:00:00",Rejected,Yes,No,jtstk,WS3
81199734,3,KR Analytics Ltd,MARS Review,53.21.16.53,BS12 6UU,Kenny Merritt,Caledonian Ltd,Yes,Fall Protection Inspection,3,2024-02-03,2024-02-11,"8 days, 0:00:00",Authorised,N/A,Yes,egcre,WS1
33270076,4,KR Analytics Ltd,MARS Review,65.65.46.32,CF11 7BJ,Annabel Beasley,Centurion Ltd,Yes,Asbestos Survey,3,2023-04-28,2023-05-10,"12 days, 0:00:00",Rejected,No,No,ukyhq,WS1
49711945,2,KR Analytics Ltd,MARS Review,66.12.61.46,CF1 2XB,Cassius Mullins,DASDA Ltd,Yes,General Inspection,3,2023-07-21,2023-07-30,"9 days, 0:00:00",Authorised,N/A,Yes,bdbos,WS1
52498531,1,KR Analytics Ltd,MARS Review,15.63.41.23,E8 4UZ,Annabel Beasley,Aboard Service Ltd,No,Vent Repairs,3,2023-11-13,2023-11-23,"10 days, 0:00:00",Authorised,N/A,Yes,zpdbr,WS1
71564373,2,KR Analytics Ltd,MARS Review,44.26.63.15,CO15 2AS,Cora Lindsey,Arc Ltd,Yes,Fall Protection Inspection,3,2023-05-06,2023-05-12,"6 days, 0:00:00",Rejected,No,No,vabtg,WS1
36174844,4,KR Analytics Ltd,MARS Review,34.22.52.34,BH18 8HN,Annabel Beasley,Aboard Service Ltd,Yes,Fall Protection Inspection,3,2023-07-29,2023-08-10,"12 days, 0:00:00",Authorised,N/A,Yes,mziaw,WS3
88968191,2,KR Analytics Ltd,MARS Review,56.54.42.13,BN6 8XS,Annabel Beasley,Caledonian Ltd,Yes,Asbestos Survey,3,2023-07-30,2023-08-02,"3 days, 0:00:00",Authorised,N/A,Yes,qhfxg,WS3
79192995,1,KR Analytics Ltd,MARS Review,54.44.54.24,GU34 3PR,Kenny Merritt,Elixir Ltd,Yes,Fall Protection Inspection,3,2023-08-17,2023-08-27,"10 days, 0:00:00",Authorised,N/A,Yes,pmpgf,WS1
92981580,4,KR Analytics Ltd,MARS Review,14.52.25.15,BA11 6TA,Cassius Mullins,MEKOS Ltd,No,Asbestos Survey,3,2023-07-16,2023-07-30,"14 days, 0:00:00",Authorised,N/A,Yes,dgjaq,WS3
57964667,1,KR Analytics Ltd,MARS Review,16.54.36.22,CB4 1WD,Kenny Merritt,German Ltd,No,Bird Netting Repair,3,2023-10-03,2023-10-05,"2 days, 0:00:00",Rejected,No,No,gkwtv,WS1
44197265,2,KR Analytics Ltd,MARS Review,23.33.34.33,BD7 4LU,Annabel Beasley,MEKOS Ltd,Yes,Bird Netting Repair,3,2023-07-19,2023-07-27,"8 days, 0:00:00",Rejected,Yes,No,ciesd,WS3
29499953,2,KR Analytics Ltd,MARS Review,25.34.65.52,AB34 4UN,Marcos Mcpherson,Epiphany Ltd,Yes,Air Conditioning Installations,3,2023-10-15,2023-10-21,"6 days, 0:00:00",Rejected,No,No,oczvn,WS1
21822900,2,KR Analytics Ltd,MARS Review,15.52.54.45,CF8 8QH,Tate Benjamin,DASDA Ltd,Yes,General Inspection,3,2023-08-14,2023-08-18,"4 days, 0:00:00",Rejected,No,No,sqygq,WS3
70409557,0,KR Analytics Ltd,MARS Review,14.52.54.26,DD3 7DU,Alfredo Holmes,Caledonian Ltd,Yes,Fall Protection Inspection,3,2023-11-27,2023-12-09,"12 days, 0:00:00",Authorised,N/A,Yes,sczbr,WS3
93555770,2,KR Analytics Ltd,MARS Review,24.13.13.64,BT19 7RJ,Cora Lindsey,Elixir Ltd,Yes,Other Repairs,3,2024-03-09,2024-03-23,"14 days, 0:00:00",Rejected,Yes,No,xjftq,WS1
81931434,0,KR Analytics Ltd,MARS Review,25.61.62.51,DL14 8EJ,Marcos Mcpherson,DASDA Ltd,Yes,Bird Netting Repair,3,2024-01-02,2024-01-09,"7 days, 0:00:00",Authorised,N/A,Yes,jnzby,WS1
27102459,4,KR Analytics Ltd,MARS Review,45.25.14.45,DN4 0BL,Cora Lindsey,Centurion Ltd,Yes,Fall Protection Inspection,3,2024-01-10,2024-01-14,"4 days, 0:00:00",Rejected,No,No,posae,WS3
03488578,3,KR Analytics Ltd,MARS Review,15.66.16.15,CV12 9QR,Alfredo Holmes,Arc Ltd,Yes,Bird Netting Repair,3,2023-11-18,2023-11-29,"11 days, 0:00:00",Rejected,Yes,No,dsfrn,WS1
30477826,4,KR Analytics Ltd,MARS Review,24.15.33.13,AB12 3YE,Cora Lindsey,Epiphany Ltd,No,Heating Installations,3,2023-04-17,2023-04-22,"5 days, 0:00:00",Authorised,N/A,Yes,cxxwq,WS1
00426478,0,KR Analytics Ltd,MARS Review,14.12.53.21,B98 0TL,Alfredo Holmes,German Ltd,No,Vent Repairs,3,2024-03-06,2024-03-18,"12 days, 0:00:00",Authorised,N/A,Yes,qkhvn,WS1
67805644,4,KR Analytics Ltd,MARS Review,24.36.66.25,EX7 7BB,Cora Lindsey,Epiphany Ltd,No,Vent Repairs,3,2024-01-17,2024-01-24,"7 days, 0:00:00",Authorised,N/A,Yes,itopv,WS3
82112485,2,KR Analytics Ltd,MARS Review,43.61.45.36,AB16 9DE,Tate Benjamin,Elixir Ltd,No,Asbestos Survey,3,2024-02-03,2024-02-06,"3 days, 0:00:00",Authorised,N/A,Yes,vjmur,WS1
66018002,1,KR Analytics Ltd,MARS Review,21.26.51.23,B90 9EU,Alfredo Holmes,Arc Ltd,Yes,Roof repair,3,2023-08-11,2023-08-21,"10 days, 0:00:00",Authorised,N/A,Yes,atmjn,WS3
41552968,1,KR Analytics Ltd,MARS Review,55.54.43.44,CH41 8AL,Annabel Beasley,Arc Ltd,No,Vent Repairs,3,2023-09-09,2023-09-19,"10 days, 0:00:00",Authorised,N/A,Yes,fsyae,WS1
14258069,4,KR Analytics Ltd,MARS Review,42.65.66.31,CF14 2FX,Annabel Beasley,German Ltd,Yes,Fall Protection Inspection,3,2023-11-13,2023-11-25,"12 days, 0:00:00",Rejected,Yes,No,jgclx,WS1
